2026-01-23 14:55:56.985 - INFO - 打开设备成功，设备句柄为: 2686976.
2026-01-23 14:55:57.040 - INFO - 打开通道0成功, 通道句柄为: 2686976.
2026-01-23 14:55:57.090 - INFO - 打开通道1成功, 通道句柄为: 2686977.
2026-01-23 14:55:57.419 - INFO - [167835698300] CAN0 CANFD加速    	RX ID: 0x54d     	标准帧 数据帧 DLC: 8	DATA(hex): 4D 00 00 00 00 00 11 A1
2026-01-23 14:55:57.821 - INFO - [167836101800] CAN0 CANFD加速    	RX ID: 0x38b     	标准帧 数据帧 DLC: 8	DATA(hex): 2B 46 16 10 00 28 11 00
2026-01-23 14:55:57.923 - INFO - [167836202700] CAN0 CANFD加速    	RX ID: 0x54d     	标准帧 数据帧 DLC: 8	DATA(hex): 4D 00 00 00 00 00 11 A1
2026-01-23 14:55:58.427 - INFO - [167836707000] CAN0 CANFD加速    	RX ID: 0x54d     	标准帧 数据帧 DLC: 8	DATA(hex): 4D 00 00 00 00 00 11 A1
2026-01-23 14:55:58.830 - INFO - [167837110400] CAN0 CANFD加速    	RX ID: 0x38b     	标准帧 数据帧 DLC: 8	DATA(hex): 2B 46 16 10 00 28 11 00
2026-01-23 14:55:58.929 - INFO - [167837211300] CAN0 CANFD加速    	RX ID: 0x54d     	标准帧 数据帧 DLC: 8	DATA(hex): 4D 00 00 00 00 00 11 A1
2026-01-23 14:55:59.437 - INFO - [167837715600] CAN0 CANFD加速    	RX ID: 0x54d     	标准帧 数据帧 DLC: 8	DATA(hex): 4D 00 00 00 00 00 11 A1
2026-01-23 14:55:59.838 - INFO - [167838119000] CAN0 CANFD加速    	RX ID: 0x38b     	标准帧 数据帧 DLC: 8	DATA(hex): 2B 46 16 10 00 28 11 00
2026-01-23 14:55:59.937 - INFO - [167838219900] CAN0 CANFD加速    	RX ID: 0x54d     	标准帧 数据帧 DLC: 8	DATA(hex): 4D 00 00 00 00 00 11 A1
2026-01-23 14:56:00.443 - INFO - [167838724200] CAN0 CANFD加速    	RX ID: 0x54d     	标准帧 数据帧 DLC: 8	DATA(hex): 4D 00 00 00 00 00 11 A1
2026-01-23 14:56:00.846 - INFO - [167839127600] CAN0 CANFD加速    	RX ID: 0x38b     	标准帧 数据帧 DLC: 8	DATA(hex): 2B 46 16 10 00 28 11 00
2026-01-23 14:56:00.946 - INFO - [167839228500] CAN0 CANFD加速    	RX ID: 0x54d     	标准帧 数据帧 DLC: 8	DATA(hex): 4D 00 00 00 00 00 11 A1
2026-01-23 14:56:01.450 - INFO - [167839732800] CAN0 CANFD加速    	RX ID: 0x54d     	标准帧 数据帧 DLC: 8	DATA(hex): 4D 00 00 00 00 00 11 A1
2026-01-23 14:56:01.855 - INFO - [167840136200] CAN0 CANFD加速    	RX ID: 0x38b     	标准帧 数据帧 DLC: 8	DATA(hex): 2B 46 16 10 00 28 11 00
2026-01-23 14:56:01.954 - INFO - [167840237100] CAN0 CANFD加速    	RX ID: 0x54d     	标准帧 数据帧 DLC: 8	DATA(hex): 4D 00 00 00 00 00 11 A1
2026-01-23 14:56:02.459 - INFO - [167840741400] CAN0 CANFD加速    	RX ID: 0x54d     	标准帧 数据帧 DLC: 8	DATA(hex): 4D 00 00 00 00 00 11 A1
2026-01-23 14:56:02.865 - INFO - [167841144800] CAN0 CANFD加速    	RX ID: 0x38b     	标准帧 数据帧 DLC: 8	DATA(hex): 2B 46 16 10 00 28 11 00
2026-01-23 14:56:02.966 - INFO - [167841245700] CAN0 CANFD加速    	RX ID: 0x54d     	标准帧 数据帧 DLC: 8	DATA(hex): 4D 00 00 00 00 00 11 A1
2026-01-23 14:56:03.471 - INFO - [167841750000] CAN0 CANFD加速    	RX ID: 0x54d     	标准帧 数据帧 DLC: 8	DATA(hex): 4D 00 00 00 00 00 11 A1
2026-01-23 14:56:03.870 - INFO - [167842153400] CAN0 CANFD加速    	RX ID: 0x38b     	标准帧 数据帧 DLC: 8	DATA(hex): 2B 46 16 10 00 28 11 00
2026-01-23 14:56:03.975 - INFO - [167842254300] CAN0 CANFD加速    	RX ID: 0x54d     	标准帧 数据帧 DLC: 8	DATA(hex): 4D 00 00 00 00 00 11 A1
2026-01-23 14:56:04.479 - INFO - [167842758500] CAN0 CANFD加速    	RX ID: 0x54d     	标准帧 数据帧 DLC: 8	DATA(hex): 4D 00 00 00 00 00 11 A1
2026-01-23 14:56:04.884 - INFO - [167843162000] CAN0 CANFD加速    	RX ID: 0x38b     	标准帧 数据帧 DLC: 8	DATA(hex): 2B 46 16 10 00 28 11 00
2026-01-23 14:56:04.984 - INFO - [167843263200] CAN0 CANFD加速    	RX ID: 0x54d     	标准帧 数据帧 DLC: 8	DATA(hex): 4D 00 00 00 00 00 11 A1
2026-01-23 14:56:05.485 - INFO - [167843767200] CAN0 CANFD加速    	RX ID: 0x54d     	标准帧 数据帧 DLC: 8	DATA(hex): 4D 00 00 00 00 00 11 A1
2026-01-23 14:56:05.890 - INFO - [167844170700] CAN0 CANFD加速    	RX ID: 0x38b     	标准帧 数据帧 DLC: 8	DATA(hex): 2B 46 16 10 00 28 11 00
2026-01-23 14:56:05.991 - INFO - [167844271500] CAN0 CANFD加速    	RX ID: 0x54d     	标准帧 数据帧 DLC: 8	DATA(hex): 4D 00 00 00 00 00 11 A1
2026-01-23 14:56:06.497 - INFO - [167844775800] CAN0 CANFD加速    	RX ID: 0x54d     	标准帧 数据帧 DLC: 8	DATA(hex): 4D 00 00 00 00 00 11 A1
2026-01-23 14:56:06.897 - INFO - [167845179200] CAN0 CANFD加速    	RX ID: 0x38b     	标准帧 数据帧 DLC: 8	DATA(hex): 2B 46 16 10 00 28 11 00
2026-01-23 14:56:07.000 - INFO - [167845280100] CAN0 CANFD加速    	RX ID: 0x54d     	标准帧 数据帧 DLC: 8	DATA(hex): 4D 00 00 00 00 00 11 A1
2026-01-23 14:56:07.503 - INFO - [167845784400] CAN0 CANFD加速    	RX ID: 0x54d     	标准帧 数据帧 DLC: 8	DATA(hex): 4D 00 00 00 00 00 11 A1
2026-01-23 14:56:07.910 - INFO - [167846187800] CAN0 CANFD加速    	RX ID: 0x38b     	标准帧 数据帧 DLC: 8	DATA(hex): 2B 46 16 10 00 28 11 00
2026-01-23 14:56:08.007 - INFO - [167846288700] CAN0 CANFD加速    	RX ID: 0x54d     	标准帧 数据帧 DLC: 8	DATA(hex): 4D 00 00 00 00 00 11 A1
2026-01-23 14:56:08.516 - INFO - [167846793000] CAN0 CANFD加速    	RX ID: 0x54d     	标准帧 数据帧 DLC: 8	DATA(hex): 4D 00 00 00 00 00 11 A1
2026-01-23 14:56:08.916 - INFO - [167847196500] CAN0 CANFD加速    	RX ID: 0x38b     	标准帧 数据帧 DLC: 8	DATA(hex): 2B 46 16 10 00 28 11 00
2026-01-23 14:56:09.017 - INFO - [167847297400] CAN0 CANFD加速    	RX ID: 0x54d     	标准帧 数据帧 DLC: 8	DATA(hex): 4D 00 00 00 00 00 11 A1
2026-01-23 14:56:09.520 - INFO - [167847801600] CAN0 CANFD加速    	RX ID: 0x54d     	标准帧 数据帧 DLC: 8	DATA(hex): 4D 00 00 00 00 00 11 A1
2026-01-23 14:56:09.923 - INFO - [167848205200] CAN0 CANFD加速    	RX ID: 0x38b     	标准帧 数据帧 DLC: 8	DATA(hex): 2B 46 16 10 00 28 11 00
2026-01-23 14:56:10.027 - INFO - [167848305900] CAN0 CANFD加速    	RX ID: 0x54d     	标准帧 数据帧 DLC: 8	DATA(hex): 4D 00 00 00 00 00 11 A1
2026-01-23 14:56:10.530 - INFO - [167848810200] CAN0 CANFD加速    	RX ID: 0x54d     	标准帧 数据帧 DLC: 8	DATA(hex): 4D 00 00 00 00 00 11 A1
2026-01-23 14:56:10.936 - INFO - [167849213700] CAN0 CANFD加速    	RX ID: 0x38b     	标准帧 数据帧 DLC: 8	DATA(hex): 2B 46 16 10 00 28 11 00
2026-01-23 14:56:11.036 - INFO - [167849314500] CAN0 CANFD加速    	RX ID: 0x54d     	标准帧 数据帧 DLC: 8	DATA(hex): 4D 00 00 00 00 00 11 A1
2026-01-23 14:56:11.539 - INFO - [167849818800] CAN0 CANFD加速    	RX ID: 0x54d     	标准帧 数据帧 DLC: 8	DATA(hex): 4D 00 00 00 00 00 11 A1
2026-01-23 14:56:11.941 - INFO - [167850222200] CAN0 CANFD加速    	RX ID: 0x38b     	标准帧 数据帧 DLC: 8	DATA(hex): 2B 46 16 10 00 28 11 00
2026-01-23 14:56:12.044 - INFO - [167850323100] CAN0 CANFD加速    	RX ID: 0x54d     	标准帧 数据帧 DLC: 8	DATA(hex): 4D 00 00 00 00 00 11 A1
2026-01-23 14:56:12.548 - INFO - [167850827400] CAN0 CANFD加速    	RX ID: 0x54d     	标准帧 数据帧 DLC: 8	DATA(hex): 4D 00 00 00 00 00 11 A1
2026-01-23 14:56:12.952 - INFO - [167851230800] CAN0 CANFD加速    	RX ID: 0x38b     	标准帧 数据帧 DLC: 8	DATA(hex): 2B 46 16 10 00 28 11 00
2026-01-23 14:56:13.049 - INFO - [167851331700] CAN0 CANFD加速    	RX ID: 0x54d     	标准帧 数据帧 DLC: 8	DATA(hex): 4D 00 00 00 00 00 11 A1
2026-01-23 14:56:13.557 - INFO - [167851836000] CAN0 CANFD加速    	RX ID: 0x54d     	标准帧 数据帧 DLC: 8	DATA(hex): 4D 00 00 00 00 00 11 A1
2026-01-23 14:56:13.958 - INFO - [167852239400] CAN0 CANFD加速    	RX ID: 0x38b     	标准帧 数据帧 DLC: 8	DATA(hex): 2B 46 16 10 00 28 11 00
2026-01-23 14:56:14.062 - INFO - [167852340300] CAN0 CANFD加速    	RX ID: 0x54d     	标准帧 数据帧 DLC: 8	DATA(hex): 4D 00 00 00 00 00 11 A1
2026-01-23 14:56:14.566 - INFO - [167852844600] CAN0 CANFD加速    	RX ID: 0x54d     	标准帧 数据帧 DLC: 8	DATA(hex): 4D 00 00 00 00 00 11 A1
2026-01-23 14:56:14.971 - INFO - [167853248000] CAN0 CANFD加速    	RX ID: 0x38b     	标准帧 数据帧 DLC: 8	DATA(hex): 2B 46 16 10 00 28 11 00
2026-01-23 14:56:15.070 - INFO - [167853348900] CAN0 CANFD加速    	RX ID: 0x54d     	标准帧 数据帧 DLC: 8	DATA(hex): 4D 00 00 00 00 00 11 A1
2026-01-23 14:56:15.576 - INFO - [167853853200] CAN0 CANFD加速    	RX ID: 0x54d     	标准帧 数据帧 DLC: 8	DATA(hex): 4D 00 00 00 00 00 11 A1
2026-01-23 14:56:15.978 - INFO - [167854256600] CAN0 CANFD加速    	RX ID: 0x38b     	标准帧 数据帧 DLC: 8	DATA(hex): 2B 46 16 10 00 28 11 00
2026-01-23 14:56:16.075 - INFO - [167854357500] CAN0 CANFD加速    	RX ID: 0x54d     	标准帧 数据帧 DLC: 8	DATA(hex): 4D 00 00 00 00 00 11 A1
2026-01-23 14:56:16.582 - INFO - [167854862000] CAN0 CANFD加速    	RX ID: 0x54d     	标准帧 数据帧 DLC: 8	DATA(hex): 4D 00 00 00 00 00 11 A1
2026-01-23 14:56:16.987 - INFO - [167855265200] CAN0 CANFD加速    	RX ID: 0x38b     	标准帧 数据帧 DLC: 8	DATA(hex): 2B 46 16 10 00 28 11 00
2026-01-23 14:56:17.088 - INFO - [167855366100] CAN0 CANFD加速    	RX ID: 0x54d     	标准帧 数据帧 DLC: 8	DATA(hex): 4D 00 00 00 00 00 11 A1
2026-01-23 14:56:17.590 - INFO - [167855870400] CAN0 CANFD加速    	RX ID: 0x54d     	标准帧 数据帧 DLC: 8	DATA(hex): 4D 00 00 00 00 00 11 A1
2026-01-23 14:56:17.993 - INFO - [167856273800] CAN0 CANFD加速    	RX ID: 0x38b     	标准帧 数据帧 DLC: 8	DATA(hex): 2B 46 16 10 00 28 11 00
2026-01-23 14:56:18.098 - INFO - [167856374700] CAN0 CANFD加速    	RX ID: 0x54d     	标准帧 数据帧 DLC: 8	DATA(hex): 4D 00 00 00 00 00 11 A1
2026-01-23 14:56:18.598 - INFO - [167856879000] CAN0 CANFD加速    	RX ID: 0x54d     	标准帧 数据帧 DLC: 8	DATA(hex): 4D 00 00 00 00 00 11 A1
2026-01-23 14:56:19.004 - INFO - [167857282400] CAN0 CANFD加速    	RX ID: 0x38b     	标准帧 数据帧 DLC: 8	DATA(hex): 2B 46 16 10 00 28 11 00
2026-01-23 14:56:19.102 - INFO - [167857383300] CAN0 CANFD加速    	RX ID: 0x54d     	标准帧 数据帧 DLC: 8	DATA(hex): 4D 00 00 00 00 00 11 A1
2026-01-23 14:56:19.611 - INFO - [167857887600] CAN0 CANFD加速    	RX ID: 0x54d     	标准帧 数据帧 DLC: 8	DATA(hex): 4D 00 00 00 00 00 11 A1
2026-01-23 14:56:20.011 - INFO - [167858291100] CAN0 CANFD加速    	RX ID: 0x38b     	标准帧 数据帧 DLC: 8	DATA(hex): 2B 46 16 10 00 28 11 00
2026-01-23 14:56:20.114 - INFO - [167858391900] CAN0 CANFD加速    	RX ID: 0x54d     	标准帧 数据帧 DLC: 8	DATA(hex): 4D 00 00 00 00 00 11 A1
2026-01-23 14:56:20.615 - INFO - [167858896200] CAN0 CANFD加速    	RX ID: 0x54d     	标准帧 数据帧 DLC: 8	DATA(hex): 4D 00 00 00 00 00 11 A1
2026-01-23 14:56:21.019 - INFO - [167859299700] CAN0 CANFD加速    	RX ID: 0x38b     	标准帧 数据帧 DLC: 8	DATA(hex): 2B 46 16 10 00 28 11 00
2026-01-23 14:56:21.121 - INFO - [167859400600] CAN0 CANFD加速    	RX ID: 0x54d     	标准帧 数据帧 DLC: 8	DATA(hex): 4D 00 00 00 00 00 11 A1
2026-01-23 14:56:21.628 - INFO - [167859904900] CAN0 CANFD加速    	RX ID: 0x54d     	标准帧 数据帧 DLC: 8	DATA(hex): 4D 00 00 00 00 00 11 A1
2026-01-23 14:56:22.026 - INFO - [167860308300] CAN0 CANFD加速    	RX ID: 0x38b     	标准帧 数据帧 DLC: 8	DATA(hex): 2B 46 16 10 00 28 11 00
2026-01-23 14:56:22.129 - INFO - [167860409200] CAN0 CANFD加速    	RX ID: 0x54d     	标准帧 数据帧 DLC: 8	DATA(hex): 4D 00 00 00 00 00 11 A1
2026-01-23 14:56:22.634 - INFO - [167860913500] CAN0 CANFD加速    	RX ID: 0x54d     	标准帧 数据帧 DLC: 8	DATA(hex): 4D 00 00 00 00 00 11 A1
2026-01-23 14:56:23.036 - INFO - [167861316900] CAN0 CANFD加速    	RX ID: 0x38b     	标准帧 数据帧 DLC: 8	DATA(hex): 2B 46 16 10 00 28 11 00
2026-01-23 14:56:23.137 - INFO - [167861417800] CAN0 CANFD加速    	RX ID: 0x54d     	标准帧 数据帧 DLC: 8	DATA(hex): 4D 00 00 00 00 00 11 A1
2026-01-23 14:56:23.641 - INFO - [167861922100] CAN0 CANFD加速    	RX ID: 0x54d     	标准帧 数据帧 DLC: 8	DATA(hex): 4D 00 00 00 00 00 11 A1
2026-01-23 14:56:24.045 - INFO - [167862325500] CAN0 CANFD加速    	RX ID: 0x38b     	标准帧 数据帧 DLC: 8	DATA(hex): 2B 46 16 10 00 28 11 00
2026-01-23 14:56:24.146 - INFO - [167862426400] CAN0 CANFD加速    	RX ID: 0x54d     	标准帧 数据帧 DLC: 8	DATA(hex): 4D 00 00 00 00 00 11 A1
2026-01-23 14:56:24.650 - INFO - [167862930700] CAN0 CANFD加速    	RX ID: 0x54d     	标准帧 数据帧 DLC: 8	DATA(hex): 4D 00 00 00 00 00 11 A1
2026-01-23 14:56:25.052 - INFO - [167863334100] CAN0 CANFD加速    	RX ID: 0x38b     	标准帧 数据帧 DLC: 8	DATA(hex): 2B 46 16 10 00 28 11 00
2026-01-23 14:56:25.154 - INFO - [167863435000] CAN0 CANFD加速    	RX ID: 0x54d     	标准帧 数据帧 DLC: 8	DATA(hex): 4D 00 00 00 00 00 11 A1
2026-01-23 14:56:25.658 - INFO - [167863939300] CAN0 CANFD加速    	RX ID: 0x54d     	标准帧 数据帧 DLC: 8	DATA(hex): 4D 00 00 00 00 00 11 A1
2026-01-23 14:56:26.066 - INFO - [167864342700] CAN0 CANFD加速    	RX ID: 0x38b     	标准帧 数据帧 DLC: 8	DATA(hex): 2B 46 16 10 00 28 11 00
2026-01-23 14:56:26.163 - INFO - [167864443600] CAN0 CANFD加速    	RX ID: 0x54d     	标准帧 数据帧 DLC: 8	DATA(hex): 4D 00 00 00 00 00 11 A1
2026-01-23 14:56:26.672 - INFO - [167864947900] CAN0 CANFD加速    	RX ID: 0x54d     	标准帧 数据帧 DLC: 8	DATA(hex): 4D 00 00 00 00 00 11 A1
2026-01-23 14:56:27.073 - INFO - [167865351400] CAN0 CANFD加速    	RX ID: 0x38b     	标准帧 数据帧 DLC: 8	DATA(hex): 2B 46 16 10 00 28 11 00
2026-01-23 14:56:27.173 - INFO - [167865452200] CAN0 CANFD加速    	RX ID: 0x54d     	标准帧 数据帧 DLC: 8	DATA(hex): 4D 00 00 00 00 00 11 A1
2026-01-23 14:56:27.675 - INFO - [167865956500] CAN0 CANFD加速    	RX ID: 0x54d     	标准帧 数据帧 DLC: 8	DATA(hex): 4D 00 00 00 00 00 11 A1
2026-01-23 14:56:28.082 - INFO - [167866360000] CAN0 CANFD加速    	RX ID: 0x38b     	标准帧 数据帧 DLC: 8	DATA(hex): 2B 46 16 10 00 28 11 00
2026-01-23 14:56:28.181 - INFO - [167866460900] CAN0 CANFD加速    	RX ID: 0x54d     	标准帧 数据帧 DLC: 8	DATA(hex): 4D 00 00 00 00 00 11 A1
2026-01-23 14:56:28.686 - INFO - [167866965100] CAN0 CANFD加速    	RX ID: 0x54d     	标准帧 数据帧 DLC: 8	DATA(hex): 4D 00 00 00 00 00 11 A1
2026-01-23 14:56:29.092 - INFO - [167867368600] CAN0 CANFD加速    	RX ID: 0x38b     	标准帧 数据帧 DLC: 8	DATA(hex): 2B 46 16 10 00 28 11 00
2026-01-23 14:56:29.193 - INFO - [167867469500] CAN0 CANFD加速    	RX ID: 0x54d     	标准帧 数据帧 DLC: 8	DATA(hex): 4D 00 00 00 00 00 11 A1
2026-01-23 14:56:29.696 - INFO - [167867973700] CAN0 CANFD加速    	RX ID: 0x54d     	标准帧 数据帧 DLC: 8	DATA(hex): 4D 00 00 00 00 00 11 A1
2026-01-23 14:56:30.097 - INFO - [167868377200] CAN0 CANFD加速    	RX ID: 0x38b     	标准帧 数据帧 DLC: 8	DATA(hex): 2B 46 16 10 00 28 11 00
2026-01-23 14:56:30.201 - INFO - [167868478000] CAN0 CANFD加速    	RX ID: 0x54d     	标准帧 数据帧 DLC: 8	DATA(hex): 4D 00 00 00 00 00 11 A1
2026-01-23 14:56:30.704 - INFO - [167868982300] CAN0 CANFD加速    	RX ID: 0x54d     	标准帧 数据帧 DLC: 8	DATA(hex): 4D 00 00 00 00 00 11 A1
2026-01-23 14:56:31.106 - INFO - [167869385800] CAN0 CANFD加速    	RX ID: 0x38b     	标准帧 数据帧 DLC: 8	DATA(hex): 2B 46 16 10 00 28 11 00
2026-01-23 14:56:31.209 - INFO - [167869486700] CAN0 CANFD加速    	RX ID: 0x54d     	标准帧 数据帧 DLC: 8	DATA(hex): 4D 00 00 00 00 00 11 A1
2026-01-23 14:56:31.710 - INFO - [167869990900] CAN0 CANFD加速    	RX ID: 0x54d     	标准帧 数据帧 DLC: 8	DATA(hex): 4D 00 00 00 00 00 11 A1
2026-01-23 14:56:32.114 - INFO - [167870394300] CAN0 CANFD加速    	RX ID: 0x38b     	标准帧 数据帧 DLC: 8	DATA(hex): 2B 46 16 10 00 28 11 00
2026-01-23 14:56:32.217 - INFO - [167870495200] CAN0 CANFD加速    	RX ID: 0x54d     	标准帧 数据帧 DLC: 8	DATA(hex): 4D 00 00 00 00 00 11 A1
2026-01-23 14:56:32.718 - INFO - [167870999500] CAN0 CANFD加速    	RX ID: 0x54d     	标准帧 数据帧 DLC: 8	DATA(hex): 4D 00 00 00 00 00 11 A1
2026-01-23 14:56:33.126 - INFO - [167871403000] CAN0 CANFD加速    	RX ID: 0x38b     	标准帧 数据帧 DLC: 8	DATA(hex): 2B 46 16 10 00 28 11 00
2026-01-23 14:56:33.223 - INFO - [167871503900] CAN0 CANFD加速    	RX ID: 0x54d     	标准帧 数据帧 DLC: 8	DATA(hex): 4D 00 00 00 00 00 11 A1
2026-01-23 14:56:33.731 - INFO - [167872008100] CAN0 CANFD加速    	RX ID: 0x54d     	标准帧 数据帧 DLC: 8	DATA(hex): 4D 00 00 00 00 00 11 A1
2026-01-23 14:56:34.134 - INFO - [167872411600] CAN0 CANFD加速    	RX ID: 0x38b     	标准帧 数据帧 DLC: 8	DATA(hex): 2B 46 16 10 00 28 11 00
2026-01-23 14:56:34.232 - INFO - [167872512500] CAN0 CANFD加速    	RX ID: 0x54d     	标准帧 数据帧 DLC: 8	DATA(hex): 4D 00 00 00 00 00 11 A1
2026-01-23 14:56:34.736 - INFO - [167873016700] CAN0 CANFD加速    	RX ID: 0x54d     	标准帧 数据帧 DLC: 8	DATA(hex): 4D 00 00 00 00 00 11 A1
2026-01-23 14:56:35.143 - INFO - [167873420200] CAN0 CANFD加速    	RX ID: 0x38b     	标准帧 数据帧 DLC: 8	DATA(hex): 2B 46 16 10 00 28 11 00
2026-01-23 14:56:35.243 - INFO - [167873521100] CAN0 CANFD加速    	RX ID: 0x54d     	标准帧 数据帧 DLC: 8	DATA(hex): 4D 00 00 00 00 00 11 A1
2026-01-23 14:56:35.749 - INFO - [167874025300] CAN0 CANFD加速    	RX ID: 0x54d     	标准帧 数据帧 DLC: 8	DATA(hex): 4D 00 00 00 00 00 11 A1
2026-01-23 14:56:36.150 - INFO - [167874428800] CAN0 CANFD加速    	RX ID: 0x38b     	标准帧 数据帧 DLC: 8	DATA(hex): 2B 46 16 10 00 28 11 00
2026-01-23 14:56:36.248 - INFO - [167874529600] CAN0 CANFD加速    	RX ID: 0x54d     	标准帧 数据帧 DLC: 8	DATA(hex): 4D 00 00 00 00 00 11 A1
2026-01-23 14:56:36.758 - INFO - [167875033900] CAN0 CANFD加速    	RX ID: 0x54d     	标准帧 数据帧 DLC: 8	DATA(hex): 4D 00 00 00 00 00 11 A1
2026-01-23 14:56:37.161 - INFO - [167875437400] CAN0 CANFD加速    	RX ID: 0x38b     	标准帧 数据帧 DLC: 8	DATA(hex): 2B 46 16 10 00 28 11 00
2026-01-23 14:56:37.259 - INFO - [167875538200] CAN0 CANFD加速    	RX ID: 0x54d     	标准帧 数据帧 DLC: 8	DATA(hex): 4D 00 00 00 00 00 11 A1
2026-01-23 14:56:37.766 - INFO - [167876042600] CAN0 CANFD加速    	RX ID: 0x54d     	标准帧 数据帧 DLC: 8	DATA(hex): 4D 00 00 00 00 00 11 A1
2026-01-23 14:56:38.170 - INFO - [167876446000] CAN0 CANFD加速    	RX ID: 0x38b     	标准帧 数据帧 DLC: 8	DATA(hex): 2B 46 16 10 00 28 11 00
2026-01-23 14:56:38.267 - INFO - [167876546800] CAN0 CANFD加速    	RX ID: 0x54d     	标准帧 数据帧 DLC: 8	DATA(hex): 4D 00 00 00 00 00 11 A1
2026-01-23 14:56:38.770 - INFO - [167877051200] CAN0 CANFD加速    	RX ID: 0x54d     	标准帧 数据帧 DLC: 8	DATA(hex): 4D 00 00 00 00 00 11 A1
2026-01-23 14:56:39.176 - INFO - [167877454600] CAN0 CANFD加速    	RX ID: 0x38b     	标准帧 数据帧 DLC: 8	DATA(hex): 2B 46 16 10 00 28 11 00
2026-01-23 14:56:39.275 - INFO - [167877555400] CAN0 CANFD加速    	RX ID: 0x54d     	标准帧 数据帧 DLC: 8	DATA(hex): 4D 00 00 00 00 00 11 A1
2026-01-23 14:56:39.779 - INFO - [167878059800] CAN0 CANFD加速    	RX ID: 0x54d     	标准帧 数据帧 DLC: 8	DATA(hex): 4D 00 00 00 00 00 11 A1
2026-01-23 14:56:40.185 - INFO - [167878463200] CAN0 CANFD加速    	RX ID: 0x38b     	标准帧 数据帧 DLC: 8	DATA(hex): 2B 46 16 10 00 28 11 00
2026-01-23 14:56:40.288 - INFO - [167878564100] CAN0 CANFD加速    	RX ID: 0x54d     	标准帧 数据帧 DLC: 8	DATA(hex): 4D 00 00 00 00 00 11 A1
2026-01-23 14:56:40.791 - INFO - [167879068400] CAN0 CANFD加速    	RX ID: 0x54d     	标准帧 数据帧 DLC: 8	DATA(hex): 4D 00 00 00 00 00 11 A1
2026-01-23 14:56:41.194 - INFO - [167879471800] CAN0 CANFD加速    	RX ID: 0x38b     	标准帧 数据帧 DLC: 8	DATA(hex): 2B 46 16 10 00 28 11 00
2026-01-23 14:56:41.297 - INFO - [167879572700] CAN0 CANFD加速    	RX ID: 0x54d     	标准帧 数据帧 DLC: 8	DATA(hex): 4D 00 00 00 00 00 11 A1
2026-01-23 14:56:41.796 - INFO - [167880077000] CAN0 CANFD加速    	RX ID: 0x54d     	标准帧 数据帧 DLC: 8	DATA(hex): 4D 00 00 00 00 00 11 A1
2026-01-23 14:56:42.205 - INFO - [167880480400] CAN0 CANFD加速    	RX ID: 0x38b     	标准帧 数据帧 DLC: 8	DATA(hex): 2B 46 16 10 00 28 11 00
2026-01-23 14:56:42.305 - INFO - [167880581300] CAN0 CANFD加速    	RX ID: 0x54d     	标准帧 数据帧 DLC: 8	DATA(hex): 4D 00 00 00 00 00 11 A1
2026-01-23 14:56:42.805 - INFO - [167881085600] CAN0 CANFD加速    	RX ID: 0x54d     	标准帧 数据帧 DLC: 8	DATA(hex): 4D 00 00 00 00 00 11 A1
2026-01-23 14:56:43.210 - INFO - [167881489200] CAN0 CANFD加速    	RX ID: 0x38b     	标准帧 数据帧 DLC: 8	DATA(hex): 2B 46 16 10 00 28 11 00
2026-01-23 14:56:43.310 - INFO - [167881589900] CAN0 CANFD加速    	RX ID: 0x54d     	标准帧 数据帧 DLC: 8	DATA(hex): 4D 00 00 00 00 00 11 A1
2026-01-23 14:56:43.815 - INFO - [167882094200] CAN0 CANFD加速    	RX ID: 0x54d     	标准帧 数据帧 DLC: 8	DATA(hex): 4D 00 00 00 00 00 11 A1
2026-01-23 14:56:44.218 - INFO - [167882497600] CAN0 CANFD加速    	RX ID: 0x38b     	标准帧 数据帧 DLC: 8	DATA(hex): 2B 46 16 10 00 28 11 00
2026-01-23 14:56:44.318 - INFO - [167882598500] CAN0 CANFD加速    	RX ID: 0x54d     	标准帧 数据帧 DLC: 8	DATA(hex): 4D 00 00 00 00 00 11 A1
2026-01-23 14:56:44.822 - INFO - [167883102800] CAN0 CANFD加速    	RX ID: 0x54d     	标准帧 数据帧 DLC: 8	DATA(hex): 4D 00 00 00 00 00 11 A1
2026-01-23 14:56:45.229 - INFO - [167883506200] CAN0 CANFD加速    	RX ID: 0x38b     	标准帧 数据帧 DLC: 8	DATA(hex): 2B 46 16 10 00 28 11 00
2026-01-23 14:56:45.331 - INFO - [167883607100] CAN0 CANFD加速    	RX ID: 0x54d     	标准帧 数据帧 DLC: 8	DATA(hex): 4D 00 00 00 00 00 11 A1
2026-01-23 14:56:45.836 - INFO - [167884111400] CAN0 CANFD加速    	RX ID: 0x54d     	标准帧 数据帧 DLC: 8	DATA(hex): 4D 00 00 00 00 00 11 A1
2026-01-23 14:56:46.236 - INFO - [167884514800] CAN0 CANFD加速    	RX ID: 0x38b     	标准帧 数据帧 DLC: 8	DATA(hex): 2B 46 16 10 00 28 11 00
2026-01-23 14:56:46.340 - INFO - [167884615700] CAN0 CANFD加速    	RX ID: 0x54d     	标准帧 数据帧 DLC: 8	DATA(hex): 4D 00 00 00 00 00 11 A1
2026-01-23 14:56:46.839 - INFO - [167885120000] CAN0 CANFD加速    	RX ID: 0x54d     	标准帧 数据帧 DLC: 8	DATA(hex): 4D 00 00 00 00 00 11 A1
2026-01-23 14:56:47.244 - INFO - [167885523400] CAN0 CANFD加速    	RX ID: 0x38b     	标准帧 数据帧 DLC: 8	DATA(hex): 2B 46 16 10 00 28 11 00
2026-01-23 14:56:47.347 - INFO - [167885624300] CAN0 CANFD加速    	RX ID: 0x54d     	标准帧 数据帧 DLC: 8	DATA(hex): 4D 00 00 00 00 00 11 A1
2026-01-23 14:56:47.850 - INFO - [167886128600] CAN0 CANFD加速    	RX ID: 0x54d     	标准帧 数据帧 DLC: 8	DATA(hex): 4D 00 00 00 00 00 11 A1
2026-01-23 14:56:48.255 - INFO - [167886532000] CAN0 CANFD加速    	RX ID: 0x38b     	标准帧 数据帧 DLC: 8	DATA(hex): 2B 46 16 10 00 28 11 00
2026-01-23 14:56:48.357 - INFO - [167886632900] CAN0 CANFD加速    	RX ID: 0x54d     	标准帧 数据帧 DLC: 8	DATA(hex): 4D 00 00 00 00 00 11 A1
2026-01-23 14:56:48.858 - INFO - [167887137200] CAN0 CANFD加速    	RX ID: 0x54d     	标准帧 数据帧 DLC: 8	DATA(hex): 4D 00 00 00 00 00 11 A1
2026-01-23 14:56:49.260 - INFO - [167887540600] CAN0 CANFD加速    	RX ID: 0x38b     	标准帧 数据帧 DLC: 8	DATA(hex): 2B 46 16 10 00 28 11 00
2026-01-23 14:56:49.362 - INFO - [167887641500] CAN0 CANFD加速    	RX ID: 0x54d     	标准帧 数据帧 DLC: 8	DATA(hex): 4D 00 00 00 00 00 11 A1
2026-01-23 14:56:49.868 - INFO - [167888146000] CAN0 CANFD加速    	RX ID: 0x54d     	标准帧 数据帧 DLC: 8	DATA(hex): 4D 00 00 00 00 00 11 A1
2026-01-23 14:56:50.270 - INFO - [167888549200] CAN0 CANFD加速    	RX ID: 0x38b     	标准帧 数据帧 DLC: 8	DATA(hex): 2B 46 16 10 00 28 11 00
2026-01-23 14:56:50.373 - INFO - [167888650100] CAN0 CANFD加速    	RX ID: 0x54d     	标准帧 数据帧 DLC: 8	DATA(hex): 4D 00 00 00 00 00 11 A1
2026-01-23 14:56:50.877 - INFO - [167889154400] CAN0 CANFD加速    	RX ID: 0x54d     	标准帧 数据帧 DLC: 8	DATA(hex): 4D 00 00 00 00 00 11 A1
2026-01-23 14:56:51.282 - INFO - [167889557800] CAN0 CANFD加速    	RX ID: 0x38b     	标准帧 数据帧 DLC: 8	DATA(hex): 2B 46 16 10 00 28 11 00
2026-01-23 14:56:51.382 - INFO - [167889658700] CAN0 CANFD加速    	RX ID: 0x54d     	标准帧 数据帧 DLC: 8	DATA(hex): 4D 00 00 00 00 00 11 A1
2026-01-23 14:56:51.884 - INFO - [167890163000] CAN0 CANFD加速    	RX ID: 0x54d     	标准帧 数据帧 DLC: 8	DATA(hex): 4D 00 00 00 00 00 11 A1
2026-01-23 14:56:52.290 - INFO - [167890566400] CAN0 CANFD加速    	RX ID: 0x38b     	标准帧 数据帧 DLC: 8	DATA(hex): 2B 46 16 10 00 28 11 00
2026-01-23 14:56:52.388 - INFO - [167890667300] CAN0 CANFD加速    	RX ID: 0x54d     	标准帧 数据帧 DLC: 8	DATA(hex): 4D 00 00 00 00 00 11 A1
2026-01-23 14:56:52.893 - INFO - [167891171600] CAN0 CANFD加速    	RX ID: 0x54d     	标准帧 数据帧 DLC: 8	DATA(hex): 4D 00 00 00 00 00 11 A1
2026-01-23 14:56:53.299 - INFO - [167891575000] CAN0 CANFD加速    	RX ID: 0x38b     	标准帧 数据帧 DLC: 8	DATA(hex): 2B 46 16 10 00 28 11 00
2026-01-23 14:56:53.399 - INFO - [167891675900] CAN0 CANFD加速    	RX ID: 0x54d     	标准帧 数据帧 DLC: 8	DATA(hex): 4D 00 00 00 00 00 11 A1
2026-01-23 14:56:53.903 - INFO - [167892180200] CAN0 CANFD加速    	RX ID: 0x54d     	标准帧 数据帧 DLC: 8	DATA(hex): 4D 00 00 00 00 00 11 A1
2026-01-23 14:56:54.307 - INFO - [167892583600] CAN0 CANFD加速    	RX ID: 0x38b     	标准帧 数据帧 DLC: 8	DATA(hex): 2B 46 16 10 00 28 11 00
2026-01-23 14:56:54.405 - INFO - [167892684500] CAN0 CANFD加速    	RX ID: 0x54d     	标准帧 数据帧 DLC: 8	DATA(hex): 4D 00 00 00 00 00 11 A1
2026-01-23 14:56:54.909 - INFO - [167893188800] CAN0 CANFD加速    	RX ID: 0x54d     	标准帧 数据帧 DLC: 8	DATA(hex): 4D 00 00 00 00 00 11 A1
2026-01-23 14:56:55.313 - INFO - [167893592200] CAN0 CANFD加速    	RX ID: 0x38b     	标准帧 数据帧 DLC: 8	DATA(hex): 2B 46 16 10 00 28 11 00
2026-01-23 14:56:55.416 - INFO - [167893693100] CAN0 CANFD加速    	RX ID: 0x54d     	标准帧 数据帧 DLC: 8	DATA(hex): 4D 00 00 00 00 00 11 A1
2026-01-23 14:56:55.921 - INFO - [167894197500] CAN0 CANFD加速    	RX ID: 0x54d     	标准帧 数据帧 DLC: 8	DATA(hex): 4D 00 00 00 00 00 11 A1
2026-01-23 14:56:56.322 - INFO - [167894600800] CAN0 CANFD加速    	RX ID: 0x38b     	标准帧 数据帧 DLC: 8	DATA(hex): 2B 46 16 10 00 28 11 00
2026-01-23 14:56:56.427 - INFO - [167894701700] CAN0 CANFD加速    	RX ID: 0x54d     	标准帧 数据帧 DLC: 8	DATA(hex): 4D 00 00 00 00 00 11 A1
2026-01-23 14:56:56.929 - INFO - [167895206000] CAN0 CANFD加速    	RX ID: 0x54d     	标准帧 数据帧 DLC: 8	DATA(hex): 4D 00 00 00 00 00 11 A1
2026-01-23 14:56:57.335 - INFO - [167895609500] CAN0 CANFD加速    	RX ID: 0x38b     	标准帧 数据帧 DLC: 8	DATA(hex): 2B 46 16 10 00 28 11 00
2026-01-23 14:56:57.433 - INFO - [167895710700] CAN0 CANFD加速    	RX ID: 0x54d     	标准帧 数据帧 DLC: 8	DATA(hex): 4D 00 00 00 00 00 11 A1
2026-01-23 14:56:57.939 - INFO - [167896214700] CAN0 CANFD加速    	RX ID: 0x54d     	标准帧 数据帧 DLC: 8	DATA(hex): 4D 00 00 00 00 00 11 A1
2026-01-23 14:56:58.343 - INFO - [167896618100] CAN0 CANFD加速    	RX ID: 0x38b     	标准帧 数据帧 DLC: 8	DATA(hex): 2B 46 16 10 00 28 11 00
2026-01-23 14:56:58.442 - INFO - [167896718900] CAN0 CANFD加速    	RX ID: 0x54d     	标准帧 数据帧 DLC: 8	DATA(hex): 4D 00 00 00 00 00 11 A1
2026-01-23 14:56:58.948 - INFO - [167897223300] CAN0 CANFD加速    	RX ID: 0x54d     	标准帧 数据帧 DLC: 8	DATA(hex): 4D 00 00 00 00 00 11 A1
2026-01-23 14:56:59.347 - INFO - [167897626700] CAN0 CANFD加速    	RX ID: 0x38b     	标准帧 数据帧 DLC: 8	DATA(hex): 2B 46 16 10 00 28 11 00
2026-01-23 14:56:59.452 - INFO - [167897727600] CAN0 CANFD加速    	RX ID: 0x54d     	标准帧 数据帧 DLC: 8	DATA(hex): 4D 00 00 00 00 00 11 A1
2026-01-23 14:56:59.958 - INFO - [167898231900] CAN0 CANFD加速    	RX ID: 0x54d     	标准帧 数据帧 DLC: 8	DATA(hex): 4D 00 00 00 00 00 11 A1
2026-01-23 14:57:00.360 - INFO - [167898635300] CAN0 CANFD加速    	RX ID: 0x38b     	标准帧 数据帧 DLC: 8	DATA(hex): 2B 46 16 10 00 28 11 00
2026-01-23 14:57:00.461 - INFO - [167898736300] CAN0 CANFD加速    	RX ID: 0x54d     	标准帧 数据帧 DLC: 8	DATA(hex): 4D 00 00 00 00 00 11 A1
2026-01-23 14:57:00.964 - INFO - [167899240600] CAN0 CANFD加速    	RX ID: 0x54d     	标准帧 数据帧 DLC: 8	DATA(hex): 4D 00 00 00 00 00 11 A1
2026-01-23 14:57:01.366 - INFO - [167899644000] CAN0 CANFD加速    	RX ID: 0x38b     	标准帧 数据帧 DLC: 8	DATA(hex): 2B 46 16 10 00 28 11 00
2026-01-23 14:57:01.470 - INFO - [167899744900] CAN0 CANFD加速    	RX ID: 0x54d     	标准帧 数据帧 DLC: 8	DATA(hex): 4D 00 00 00 00 00 11 A1
2026-01-23 14:57:01.973 - INFO - [167900249200] CAN0 CANFD加速    	RX ID: 0x54d     	标准帧 数据帧 DLC: 8	DATA(hex): 4D 00 00 00 00 00 11 A1
2026-01-23 14:57:02.378 - INFO - [167900652600] CAN0 CANFD加速    	RX ID: 0x38b     	标准帧 数据帧 DLC: 8	DATA(hex): 2B 46 16 10 00 28 11 00
2026-01-23 14:57:02.474 - INFO - [167900753500] CAN0 CANFD加速    	RX ID: 0x54d     	标准帧 数据帧 DLC: 8	DATA(hex): 4D 00 00 00 00 00 11 A1
2026-01-23 14:57:02.983 - INFO - [167901257800] CAN0 CANFD加速    	RX ID: 0x54d     	标准帧 数据帧 DLC: 8	DATA(hex): 4D 00 00 00 00 00 11 A1
2026-01-23 14:57:03.383 - INFO - [167901661300] CAN0 CANFD加速    	RX ID: 0x38b     	标准帧 数据帧 DLC: 8	DATA(hex): 2B 46 16 10 00 28 11 00
2026-01-23 14:57:03.488 - INFO - [167901762200] CAN0 CANFD加速    	RX ID: 0x54d     	标准帧 数据帧 DLC: 8	DATA(hex): 4D 00 00 00 00 00 11 A1
2026-01-23 14:57:03.989 - INFO - [167902266400] CAN0 CANFD加速    	RX ID: 0x54d     	标准帧 数据帧 DLC: 8	DATA(hex): 4D 00 00 00 00 00 11 A1
2026-01-23 14:57:04.396 - INFO - [167902669900] CAN0 CANFD加速    	RX ID: 0x38b     	标准帧 数据帧 DLC: 8	DATA(hex): 2B 46 16 10 00 28 11 00
2026-01-23 14:57:04.496 - INFO - [167902770800] CAN0 CANFD加速    	RX ID: 0x54d     	标准帧 数据帧 DLC: 8	DATA(hex): 4D 00 00 00 00 00 11 A1
2026-01-23 14:57:05.001 - INFO - [167903275100] CAN0 CANFD加速    	RX ID: 0x54d     	标准帧 数据帧 DLC: 8	DATA(hex): 4D 00 00 00 00 00 11 A1
2026-01-23 14:57:05.401 - INFO - [167903678500] CAN0 CANFD加速    	RX ID: 0x38b     	标准帧 数据帧 DLC: 8	DATA(hex): 2B 46 16 10 00 28 11 00
2026-01-23 14:57:05.505 - INFO - [167903779400] CAN0 CANFD加速    	RX ID: 0x54d     	标准帧 数据帧 DLC: 8	DATA(hex): 4D 00 00 00 00 00 11 A1
2026-01-23 14:57:06.005 - INFO - [167904283700] CAN0 CANFD加速    	RX ID: 0x54d     	标准帧 数据帧 DLC: 8	DATA(hex): 4D 00 00 00 00 00 11 A1
2026-01-23 14:57:06.412 - INFO - [167904687100] CAN0 CANFD加速    	RX ID: 0x38b     	标准帧 数据帧 DLC: 8	DATA(hex): 2B 46 16 10 00 28 11 00
2026-01-23 14:57:06.513 - INFO - [167904788000] CAN0 CANFD加速    	RX ID: 0x54d     	标准帧 数据帧 DLC: 8	DATA(hex): 4D 00 00 00 00 00 11 A1
2026-01-23 14:57:07.016 - INFO - [167905292300] CAN0 CANFD加速    	RX ID: 0x54d     	标准帧 数据帧 DLC: 8	DATA(hex): 4D 00 00 00 00 00 11 A1
2026-01-23 14:57:07.421 - INFO - [167905695700] CAN0 CANFD加速    	RX ID: 0x38b     	标准帧 数据帧 DLC: 8	DATA(hex): 2B 46 16 10 00 28 11 00
2026-01-23 14:57:07.520 - INFO - [167905796600] CAN0 CANFD加速    	RX ID: 0x54d     	标准帧 数据帧 DLC: 8	DATA(hex): 4D 00 00 00 00 00 11 A1
2026-01-23 14:57:08.025 - INFO - [167906300900] CAN0 CANFD加速    	RX ID: 0x54d     	标准帧 数据帧 DLC: 8	DATA(hex): 4D 00 00 00 00 00 11 A1
2026-01-23 14:57:08.426 - INFO - [167906704400] CAN0 CANFD加速    	RX ID: 0x38b     	标准帧 数据帧 DLC: 8	DATA(hex): 2B 46 16 10 00 28 11 00
2026-01-23 14:57:08.530 - INFO - [167906805200] CAN0 CANFD加速    	RX ID: 0x54d     	标准帧 数据帧 DLC: 8	DATA(hex): 4D 00 00 00 00 00 11 A1
2026-01-23 14:57:09.034 - INFO - [167907309500] CAN0 CANFD加速    	RX ID: 0x54d     	标准帧 数据帧 DLC: 8	DATA(hex): 4D 00 00 00 00 00 11 A1
2026-01-23 14:57:09.435 - INFO - [167907713000] CAN0 CANFD加速    	RX ID: 0x38b     	标准帧 数据帧 DLC: 8	DATA(hex): 2B 46 16 10 00 28 11 00
2026-01-23 14:57:09.539 - INFO - [167907813800] CAN0 CANFD加速    	RX ID: 0x54d     	标准帧 数据帧 DLC: 8	DATA(hex): 4D 00 00 00 00 00 11 A1
2026-01-23 14:57:10.041 - INFO - [167908318200] CAN0 CANFD加速    	RX ID: 0x54d     	标准帧 数据帧 DLC: 8	DATA(hex): 4D 00 00 00 00 00 11 A1
2026-01-23 14:57:10.445 - INFO - [167908721600] CAN0 CANFD加速    	RX ID: 0x38b     	标准帧 数据帧 DLC: 8	DATA(hex): 2B 46 16 10 00 28 11 00
2026-01-23 14:57:10.546 - INFO - [167908822400] CAN0 CANFD加速    	RX ID: 0x54d     	标准帧 数据帧 DLC: 8	DATA(hex): 4D 00 00 00 00 00 11 A1
2026-01-23 14:57:11.053 - INFO - [167909326700] CAN0 CANFD加速    	RX ID: 0x54d     	标准帧 数据帧 DLC: 8	DATA(hex): 4D 00 00 00 00 00 11 A1
2026-01-23 14:57:11.457 - INFO - [167909730200] CAN0 CANFD加速    	RX ID: 0x38b     	标准帧 数据帧 DLC: 8	DATA(hex): 2B 46 16 10 00 28 11 00
2026-01-23 14:57:11.555 - INFO - [167909831100] CAN0 CANFD加速    	RX ID: 0x54d     	标准帧 数据帧 DLC: 8	DATA(hex): 4D 00 00 00 00 00 11 A1
2026-01-23 14:57:12.057 - INFO - [167910335400] CAN0 CANFD加速    	RX ID: 0x54d     	标准帧 数据帧 DLC: 8	DATA(hex): 4D 00 00 00 00 00 11 A1
2026-01-23 14:57:12.465 - INFO - [167910738900] CAN0 CANFD加速    	RX ID: 0x38b     	标准帧 数据帧 DLC: 8	DATA(hex): 2B 46 16 10 00 28 11 00
2026-01-23 14:57:12.563 - INFO - [167910839700] CAN0 CANFD加速    	RX ID: 0x54d     	标准帧 数据帧 DLC: 8	DATA(hex): 4D 00 00 00 00 00 11 A1
2026-01-23 14:57:13.068 - INFO - [167911344000] CAN0 CANFD加速    	RX ID: 0x54d     	标准帧 数据帧 DLC: 8	DATA(hex): 4D 00 00 00 00 00 11 A1
2026-01-23 14:57:13.473 - INFO - [167911747500] CAN0 CANFD加速    	RX ID: 0x38b     	标准帧 数据帧 DLC: 8	DATA(hex): 2B 46 16 10 00 28 11 00
2026-01-23 14:57:13.573 - INFO - [167911848300] CAN0 CANFD加速    	RX ID: 0x54d     	标准帧 数据帧 DLC: 8	DATA(hex): 4D 00 00 00 00 00 11 A1
2026-01-23 14:57:14.079 - INFO - [167912352600] CAN0 CANFD加速    	RX ID: 0x54d     	标准帧 数据帧 DLC: 8	DATA(hex): 4D 00 00 00 00 00 11 A1
2026-01-23 14:57:14.482 - INFO - [167912756100] CAN0 CANFD加速    	RX ID: 0x38b     	标准帧 数据帧 DLC: 8	DATA(hex): 2B 46 16 10 00 28 11 00
2026-01-23 14:57:14.583 - INFO - [167912856900] CAN0 CANFD加速    	RX ID: 0x54d     	标准帧 数据帧 DLC: 8	DATA(hex): 4D 00 00 00 00 00 11 A1
2026-01-23 14:57:15.087 - INFO - [167913361200] CAN0 CANFD加速    	RX ID: 0x54d     	标准帧 数据帧 DLC: 8	DATA(hex): 4D 00 00 00 00 00 11 A1
2026-01-23 14:57:15.488 - INFO - [167913764700] CAN0 CANFD加速    	RX ID: 0x38b     	标准帧 数据帧 DLC: 8	DATA(hex): 2B 46 16 10 00 28 11 00
2026-01-23 14:57:15.591 - INFO - [167913865500] CAN0 CANFD加速    	RX ID: 0x54d     	标准帧 数据帧 DLC: 8	DATA(hex): 4D 00 00 00 00 00 11 A1
2026-01-23 14:57:16.095 - INFO - [167914369800] CAN0 CANFD加速    	RX ID: 0x54d     	标准帧 数据帧 DLC: 8	DATA(hex): 4D 00 00 00 00 00 11 A1
2026-01-23 14:57:16.495 - INFO - [167914773400] CAN0 CANFD加速    	RX ID: 0x38b     	标准帧 数据帧 DLC: 8	DATA(hex): 2B 46 16 10 00 28 11 00
2026-01-23 14:57:16.597 - INFO - [167914874100] CAN0 CANFD加速    	RX ID: 0x54d     	标准帧 数据帧 DLC: 8	DATA(hex): 4D 00 00 00 00 00 11 A1
2026-01-23 14:57:17.101 - INFO - [167915378400] CAN0 CANFD加速    	RX ID: 0x54d     	标准帧 数据帧 DLC: 8	DATA(hex): 4D 00 00 00 00 00 11 A1
2026-01-23 14:57:17.503 - INFO - [167915781800] CAN0 CANFD加速    	RX ID: 0x38b     	标准帧 数据帧 DLC: 8	DATA(hex): 2B 46 16 10 00 28 11 00
2026-01-23 14:57:17.608 - INFO - [167915882700] CAN0 CANFD加速    	RX ID: 0x54d     	标准帧 数据帧 DLC: 8	DATA(hex): 4D 00 00 00 00 00 11 A1
2026-01-23 14:57:18.108 - INFO - [167916387000] CAN0 CANFD加速    	RX ID: 0x54d     	标准帧 数据帧 DLC: 8	DATA(hex): 4D 00 00 00 00 00 11 A1
2026-01-23 14:57:18.517 - INFO - [167916790500] CAN0 CANFD加速    	RX ID: 0x38b     	标准帧 数据帧 DLC: 8	DATA(hex): 2B 46 16 10 00 28 11 00
2026-01-23 14:57:18.617 - INFO - [167916891300] CAN0 CANFD加速    	RX ID: 0x54d     	标准帧 数据帧 DLC: 8	DATA(hex): 4D 00 00 00 00 00 11 A1
2026-01-23 14:57:19.119 - INFO - [167917395600] CAN0 CANFD加速    	RX ID: 0x54d     	标准帧 数据帧 DLC: 8	DATA(hex): 4D 00 00 00 00 00 11 A1
2026-01-23 14:57:19.524 - INFO - [167917799000] CAN0 CANFD加速    	RX ID: 0x38b     	标准帧 数据帧 DLC: 8	DATA(hex): 2B 46 16 10 00 28 11 00
2026-01-23 14:57:19.624 - INFO - [167917899900] CAN0 CANFD加速    	RX ID: 0x54d     	标准帧 数据帧 DLC: 8	DATA(hex): 4D 00 00 00 00 00 11 A1
2026-01-23 14:57:20.127 - INFO - [167918404200] CAN0 CANFD加速    	RX ID: 0x54d     	标准帧 数据帧 DLC: 8	DATA(hex): 4D 00 00 00 00 00 11 A1
2026-01-23 14:57:20.534 - INFO - [167918807600] CAN0 CANFD加速    	RX ID: 0x38b     	标准帧 数据帧 DLC: 8	DATA(hex): 2B 46 16 10 00 28 11 00
2026-01-23 14:57:20.633 - INFO - [167918908400] CAN0 CANFD加速    	RX ID: 0x54d     	标准帧 数据帧 DLC: 8	DATA(hex): 4D 00 00 00 00 00 11 A1
2026-01-23 14:57:21.136 - INFO - [167919412800] CAN0 CANFD加速    	RX ID: 0x54d     	标准帧 数据帧 DLC: 8	DATA(hex): 4D 00 00 00 00 00 11 A1
2026-01-23 14:57:21.542 - INFO - [167919816200] CAN0 CANFD加速    	RX ID: 0x38b     	标准帧 数据帧 DLC: 8	DATA(hex): 2B 46 16 10 00 28 11 00
2026-01-23 14:57:21.642 - INFO - [167919917000] CAN0 CANFD加速    	RX ID: 0x54d     	标准帧 数据帧 DLC: 8	DATA(hex): 4D 00 00 00 00 00 11 A1
2026-01-23 14:57:22.148 - INFO - [167920421400] CAN0 CANFD加速    	RX ID: 0x54d     	标准帧 数据帧 DLC: 8	DATA(hex): 4D 00 00 00 00 00 11 A1
2026-01-23 14:57:22.550 - INFO - [167920824800] CAN0 CANFD加速    	RX ID: 0x38b     	标准帧 数据帧 DLC: 8	DATA(hex): 2B 46 16 10 00 28 11 00
2026-01-23 14:57:22.650 - INFO - [167920925700] CAN0 CANFD加速    	RX ID: 0x54d     	标准帧 数据帧 DLC: 8	DATA(hex): 4D 00 00 00 00 00 11 A1
2026-01-23 14:57:23.153 - INFO - [167921430100] CAN0 CANFD加速    	RX ID: 0x54d     	标准帧 数据帧 DLC: 8	DATA(hex): 4D 00 00 00 00 00 11 A1
2026-01-23 14:57:23.561 - INFO - [167921833400] CAN0 CANFD加速    	RX ID: 0x38b     	标准帧 数据帧 DLC: 8	DATA(hex): 2B 46 16 10 00 28 11 00
2026-01-23 14:57:23.658 - INFO - [167921934300] CAN0 CANFD加速    	RX ID: 0x54d     	标准帧 数据帧 DLC: 8	DATA(hex): 4D 00 00 00 00 00 11 A1
2026-01-23 14:57:24.162 - INFO - [167922438600] CAN0 CANFD加速    	RX ID: 0x54d     	标准帧 数据帧 DLC: 8	DATA(hex): 4D 00 00 00 00 00 11 A1
2026-01-23 14:57:24.566 - INFO - [167922842000] CAN0 CANFD加速    	RX ID: 0x38b     	标准帧 数据帧 DLC: 8	DATA(hex): 2B 46 16 10 00 28 11 00
2026-01-23 14:57:24.666 - INFO - [167922942900] CAN0 CANFD加速    	RX ID: 0x54d     	标准帧 数据帧 DLC: 8	DATA(hex): 4D 00 00 00 00 00 11 A1
2026-01-23 14:57:25.175 - INFO - [167923447200] CAN0 CANFD加速    	RX ID: 0x54d     	标准帧 数据帧 DLC: 8	DATA(hex): 4D 00 00 00 00 00 11 A1
2026-01-23 14:57:25.576 - INFO - [167923850600] CAN0 CANFD加速    	RX ID: 0x38b     	标准帧 数据帧 DLC: 8	DATA(hex): 2B 46 16 10 00 28 11 00
2026-01-23 14:57:25.675 - INFO - [167923951500] CAN0 CANFD加速    	RX ID: 0x54d     	标准帧 数据帧 DLC: 8	DATA(hex): 4D 00 00 00 00 00 11 A1
2026-01-23 14:57:26.180 - INFO - [167924455800] CAN0 CANFD加速    	RX ID: 0x54d     	标准帧 数据帧 DLC: 8	DATA(hex): 4D 00 00 00 00 00 11 A1
2026-01-23 14:57:26.585 - INFO - [167924859200] CAN0 CANFD加速    	RX ID: 0x38b     	标准帧 数据帧 DLC: 8	DATA(hex): 2B 46 16 10 00 28 11 00
2026-01-23 14:57:26.683 - INFO - [167924960100] CAN0 CANFD加速    	RX ID: 0x54d     	标准帧 数据帧 DLC: 8	DATA(hex): 4D 00 00 00 00 00 11 A1
2026-01-23 14:57:27.189 - INFO - [167925464400] CAN0 CANFD加速    	RX ID: 0x54d     	标准帧 数据帧 DLC: 8	DATA(hex): 4D 00 00 00 00 00 11 A1
2026-01-23 14:57:27.594 - INFO - [167925867800] CAN0 CANFD加速    	RX ID: 0x38b     	标准帧 数据帧 DLC: 8	DATA(hex): 2B 46 16 10 00 28 11 00
2026-01-23 14:57:27.691 - INFO - [167925968700] CAN0 CANFD加速    	RX ID: 0x54d     	标准帧 数据帧 DLC: 8	DATA(hex): 4D 00 00 00 00 00 11 A1
2026-01-23 14:57:28.199 - INFO - [167926473000] CAN0 CANFD加速    	RX ID: 0x54d     	标准帧 数据帧 DLC: 8	DATA(hex): 4D 00 00 00 00 00 11 A1
2026-01-23 14:57:28.604 - INFO - [167926876400] CAN0 CANFD加速    	RX ID: 0x38b     	标准帧 数据帧 DLC: 8	DATA(hex): 2B 46 16 10 00 28 11 00
2026-01-23 14:57:28.700 - INFO - [167926977300] CAN0 CANFD加速    	RX ID: 0x54d     	标准帧 数据帧 DLC: 8	DATA(hex): 4D 00 00 00 00 00 11 A1
2026-01-23 14:57:29.206 - INFO - [167927481600] CAN0 CANFD加速    	RX ID: 0x54d     	标准帧 数据帧 DLC: 8	DATA(hex): 4D 00 00 00 00 00 11 A1
2026-01-23 14:57:29.610 - INFO - [167927885000] CAN0 CANFD加速    	RX ID: 0x38b     	标准帧 数据帧 DLC: 8	DATA(hex): 2B 46 16 10 00 28 11 00
2026-01-23 14:57:29.710 - INFO - [167927985900] CAN0 CANFD加速    	RX ID: 0x54d     	标准帧 数据帧 DLC: 8	DATA(hex): 4D 00 00 00 00 00 11 A1
2026-01-23 14:57:30.214 - INFO - [167928490300] CAN0 CANFD加速    	RX ID: 0x54d     	标准帧 数据帧 DLC: 8	DATA(hex): 4D 00 00 00 00 00 11 A1
2026-01-23 14:57:30.621 - INFO - [167928893700] CAN0 CANFD加速    	RX ID: 0x38b     	标准帧 数据帧 DLC: 8	DATA(hex): 2B 46 16 10 00 28 11 00
2026-01-23 14:57:30.718 - INFO - [167928994600] CAN0 CANFD加速    	RX ID: 0x54d     	标准帧 数据帧 DLC: 8	DATA(hex): 4D 00 00 00 00 00 11 A1
2026-01-23 14:57:31.226 - INFO - [167929498900] CAN0 CANFD加速    	RX ID: 0x54d     	标准帧 数据帧 DLC: 8	DATA(hex): 4D 00 00 00 00 00 11 A1
2026-01-23 14:57:31.628 - INFO - [167929902400] CAN0 CANFD加速    	RX ID: 0x38b     	标准帧 数据帧 DLC: 8	DATA(hex): 2B 46 16 10 00 28 11 00
2026-01-23 14:57:31.726 - INFO - [167930003200] CAN0 CANFD加速    	RX ID: 0x54d     	标准帧 数据帧 DLC: 8	DATA(hex): 4D 00 00 00 00 00 11 A1
2026-01-23 14:57:32.230 - INFO - [167930507600] CAN0 CANFD加速    	RX ID: 0x54d     	标准帧 数据帧 DLC: 8	DATA(hex): 4D 00 00 00 00 00 11 A1
2026-01-23 14:57:32.639 - INFO - [167930911000] CAN0 CANFD加速    	RX ID: 0x38b     	标准帧 数据帧 DLC: 8	DATA(hex): 2B 46 16 10 00 28 11 00
2026-01-23 14:57:32.739 - INFO - [167931011900] CAN0 CANFD加速    	RX ID: 0x54d     	标准帧 数据帧 DLC: 8	DATA(hex): 4D 00 00 00 00 00 11 A1
2026-01-23 14:57:33.243 - INFO - [167931516200] CAN0 CANFD加速    	RX ID: 0x54d     	标准帧 数据帧 DLC: 8	DATA(hex): 4D 00 00 00 00 00 11 A1
2026-01-23 14:57:33.643 - INFO - [167931919600] CAN0 CANFD加速    	RX ID: 0x38b     	标准帧 数据帧 DLC: 8	DATA(hex): 2B 46 16 10 00 28 11 00
2026-01-23 14:57:33.746 - INFO - [167932020600] CAN0 CANFD加速    	RX ID: 0x54d     	标准帧 数据帧 DLC: 8	DATA(hex): 4D 00 00 00 00 00 11 A1
2026-01-23 14:57:34.250 - INFO - [167932524800] CAN0 CANFD加速    	RX ID: 0x54d     	标准帧 数据帧 DLC: 8	DATA(hex): 4D 00 00 00 00 00 11 A1
2026-01-23 14:57:34.653 - INFO - [167932928300] CAN0 CANFD加速    	RX ID: 0x38b     	标准帧 数据帧 DLC: 8	DATA(hex): 2B 46 16 10 00 28 11 00
2026-01-23 14:57:34.755 - INFO - [167933029100] CAN0 CANFD加速    	RX ID: 0x54d     	标准帧 数据帧 DLC: 8	DATA(hex): 4D 00 00 00 00 00 11 A1
2026-01-23 14:57:35.258 - INFO - [167933533400] CAN0 CANFD加速    	RX ID: 0x54d     	标准帧 数据帧 DLC: 8	DATA(hex): 4D 00 00 00 00 00 11 A1
2026-01-23 14:57:35.663 - INFO - [167933936900] CAN0 CANFD加速    	RX ID: 0x38b     	标准帧 数据帧 DLC: 8	DATA(hex): 2B 46 16 10 00 28 11 00
2026-01-23 14:57:35.764 - INFO - [167934037800] CAN0 CANFD加速    	RX ID: 0x54d     	标准帧 数据帧 DLC: 8	DATA(hex): 4D 00 00 00 00 00 11 A1
2026-01-23 14:57:36.269 - INFO - [167934542100] CAN0 CANFD加速    	RX ID: 0x54d     	标准帧 数据帧 DLC: 8	DATA(hex): 4D 00 00 00 00 00 11 A1
2026-01-23 14:57:36.669 - INFO - [167934945500] CAN0 CANFD加速    	RX ID: 0x38b     	标准帧 数据帧 DLC: 8	DATA(hex): 2B 46 16 10 00 28 11 00
2026-01-23 14:57:36.774 - INFO - [167935046500] CAN0 CANFD加速    	RX ID: 0x54d     	标准帧 数据帧 DLC: 8	DATA(hex): 4D 00 00 00 00 00 11 A1
2026-01-23 14:57:37.279 - INFO - [167935550800] CAN0 CANFD加速    	RX ID: 0x54d     	标准帧 数据帧 DLC: 8	DATA(hex): 4D 00 00 00 00 00 11 A1
2026-01-23 14:57:37.681 - INFO - [167935954300] CAN0 CANFD加速    	RX ID: 0x38b     	标准帧 数据帧 DLC: 8	DATA(hex): 2B 46 16 10 00 28 11 00
2026-01-23 14:57:37.782 - INFO - [167936055200] CAN0 CANFD加速    	RX ID: 0x54d     	标准帧 数据帧 DLC: 8	DATA(hex): 4D 00 00 00 00 00 11 A1
2026-01-23 14:57:38.283 - INFO - [167936559500] CAN0 CANFD加速    	RX ID: 0x54d     	标准帧 数据帧 DLC: 8	DATA(hex): 4D 00 00 00 00 00 11 A1
2026-01-23 14:57:38.691 - INFO - [167936962900] CAN0 CANFD加速    	RX ID: 0x38b     	标准帧 数据帧 DLC: 8	DATA(hex): 2B 46 16 10 00 28 11 00
2026-01-23 14:57:38.787 - INFO - [167937063800] CAN0 CANFD加速    	RX ID: 0x54d     	标准帧 数据帧 DLC: 8	DATA(hex): 4D 00 00 00 00 00 11 A1
2026-01-23 14:57:39.291 - INFO - [167937568200] CAN0 CANFD加速    	RX ID: 0x54d     	标准帧 数据帧 DLC: 8	DATA(hex): 4D 00 00 00 00 00 11 A1
2026-01-23 14:57:39.699 - INFO - [167937971700] CAN0 CANFD加速    	RX ID: 0x38b     	标准帧 数据帧 DLC: 8	DATA(hex): 2B 46 16 10 00 28 11 00
2026-01-23 14:57:39.798 - INFO - [167938072400] CAN0 CANFD加速    	RX ID: 0x54d     	标准帧 数据帧 DLC: 8	DATA(hex): 4D 00 00 00 00 00 11 A1
2026-01-23 14:57:40.304 - INFO - [167938576800] CAN0 CANFD加速    	RX ID: 0x54d     	标准帧 数据帧 DLC: 8	DATA(hex): 4D 00 00 00 00 00 11 A1
2026-01-23 14:57:40.705 - INFO - [167938980300] CAN0 CANFD加速    	RX ID: 0x38b     	标准帧 数据帧 DLC: 8	DATA(hex): 2B 46 16 10 00 28 11 00
2026-01-23 14:57:40.805 - INFO - [167939081100] CAN0 CANFD加速    	RX ID: 0x54d     	标准帧 数据帧 DLC: 8	DATA(hex): 4D 00 00 00 00 00 11 A1
2026-01-23 14:57:41.308 - INFO - [167939585400] CAN0 CANFD加速    	RX ID: 0x54d     	标准帧 数据帧 DLC: 8	DATA(hex): 4D 00 00 00 00 00 11 A1
2026-01-23 14:57:41.716 - INFO - [167939988900] CAN0 CANFD加速    	RX ID: 0x38b     	标准帧 数据帧 DLC: 8	DATA(hex): 2B 46 16 10 00 28 11 00
2026-01-23 14:57:41.818 - INFO - [167940089800] CAN0 CANFD加速    	RX ID: 0x54d     	标准帧 数据帧 DLC: 8	DATA(hex): 4D 00 00 00 00 00 11 A1
2026-01-23 14:57:42.319 - INFO - [167940594100] CAN0 CANFD加速    	RX ID: 0x54d     	标准帧 数据帧 DLC: 8	DATA(hex): 4D 00 00 00 00 00 11 A1
2026-01-23 14:57:42.726 - INFO - [167940997500] CAN0 CANFD加速    	RX ID: 0x38b     	标准帧 数据帧 DLC: 8	DATA(hex): 2B 46 16 10 00 28 11 00
2026-01-23 14:57:42.822 - INFO - [167941098400] CAN0 CANFD加速    	RX ID: 0x54d     	标准帧 数据帧 DLC: 8	DATA(hex): 4D 00 00 00 00 00 11 A1
2026-01-23 14:57:43.326 - INFO - [167941602600] CAN0 CANFD加速    	RX ID: 0x54d     	标准帧 数据帧 DLC: 8	DATA(hex): 4D 00 00 00 00 00 11 A1
2026-01-23 14:57:43.730 - INFO - [167942006100] CAN0 CANFD加速    	RX ID: 0x38b     	标准帧 数据帧 DLC: 8	DATA(hex): 2B 46 16 10 00 28 11 00
2026-01-23 14:57:43.835 - INFO - [167942107000] CAN0 CANFD加速    	RX ID: 0x54d     	标准帧 数据帧 DLC: 8	DATA(hex): 4D 00 00 00 00 00 11 A1
2026-01-23 14:57:44.337 - INFO - [167942611200] CAN0 CANFD加速    	RX ID: 0x54d     	标准帧 数据帧 DLC: 8	DATA(hex): 4D 00 00 00 00 00 11 A1
2026-01-23 14:57:44.740 - INFO - [167943014700] CAN0 CANFD加速    	RX ID: 0x38b     	标准帧 数据帧 DLC: 8	DATA(hex): 2B 46 16 10 00 28 11 00
2026-01-23 14:57:44.844 - INFO - [167943115500] CAN0 CANFD加速    	RX ID: 0x54d     	标准帧 数据帧 DLC: 8	DATA(hex): 4D 00 00 00 00 00 11 A1
2026-01-23 14:57:45.343 - INFO - [167943619800] CAN0 CANFD加速    	RX ID: 0x54d     	标准帧 数据帧 DLC: 8	DATA(hex): 4D 00 00 00 00 00 11 A1
2026-01-23 14:57:45.746 - INFO - [167944023200] CAN0 CANFD加速    	RX ID: 0x38b     	标准帧 数据帧 DLC: 8	DATA(hex): 2B 46 16 10 00 28 11 00
2026-01-23 14:57:45.851 - INFO - [167944124100] CAN0 CANFD加速    	RX ID: 0x54d     	标准帧 数据帧 DLC: 8	DATA(hex): 4D 00 00 00 00 00 11 A1
2026-01-23 14:57:46.354 - INFO - [167944628400] CAN0 CANFD加速    	RX ID: 0x54d     	标准帧 数据帧 DLC: 8	DATA(hex): 4D 00 00 00 00 00 11 A1
2026-01-23 14:57:46.759 - INFO - [167945031900] CAN0 CANFD加速    	RX ID: 0x38b     	标准帧 数据帧 DLC: 8	DATA(hex): 2B 46 16 10 00 28 11 00
2026-01-23 14:57:46.859 - INFO - [167945132800] CAN0 CANFD加速    	RX ID: 0x54d     	标准帧 数据帧 DLC: 8	DATA(hex): 4D 00 00 00 00 00 11 A1
2026-01-23 14:57:47.360 - INFO - [167945637000] CAN0 CANFD加速    	RX ID: 0x54d     	标准帧 数据帧 DLC: 8	DATA(hex): 4D 00 00 00 00 00 11 A1
2026-01-23 14:57:47.768 - INFO - [167946040500] CAN0 CANFD加速    	RX ID: 0x38b     	标准帧 数据帧 DLC: 8	DATA(hex): 2B 46 16 10 00 28 11 00
2026-01-23 14:57:47.866 - INFO - [167946141400] CAN0 CANFD加速    	RX ID: 0x54d     	标准帧 数据帧 DLC: 8	DATA(hex): 4D 00 00 00 00 00 11 A1
2026-01-23 14:57:48.373 - INFO - [167946645700] CAN0 CANFD加速    	RX ID: 0x54d     	标准帧 数据帧 DLC: 8	DATA(hex): 4D 00 00 00 00 00 11 A1
2026-01-23 14:57:48.777 - INFO - [167947049100] CAN0 CANFD加速    	RX ID: 0x38b     	标准帧 数据帧 DLC: 8	DATA(hex): 2B 46 16 10 00 28 11 00
2026-01-23 14:57:48.879 - INFO - [167947150000] CAN0 CANFD加速    	RX ID: 0x54d     	标准帧 数据帧 DLC: 8	DATA(hex): 4D 00 00 00 00 00 11 A1
2026-01-23 14:57:49.378 - INFO - [167947654300] CAN0 CANFD加速    	RX ID: 0x54d     	标准帧 数据帧 DLC: 8	DATA(hex): 4D 00 00 00 00 00 11 A1
2026-01-23 14:57:49.784 - INFO - [167948057700] CAN0 CANFD加速    	RX ID: 0x38b     	标准帧 数据帧 DLC: 8	DATA(hex): 2B 46 16 10 00 28 11 00
2026-01-23 14:57:49.885 - INFO - [167948159000] CAN0 CANFD加速    	RX ID: 0x54d     	标准帧 数据帧 DLC: 8	DATA(hex): 4D 00 00 00 00 00 11 A1
2026-01-23 14:57:50.389 - INFO - [167948662900] CAN0 CANFD加速    	RX ID: 0x54d     	标准帧 数据帧 DLC: 8	DATA(hex): 4D 00 00 00 00 00 11 A1
2026-01-23 14:57:50.791 - INFO - [167949066300] CAN0 CANFD加速    	RX ID: 0x38b     	标准帧 数据帧 DLC: 8	DATA(hex): 2B 46 16 10 00 28 11 00
2026-01-23 14:57:50.896 - INFO - [167949167200] CAN0 CANFD加速    	RX ID: 0x54d     	标准帧 数据帧 DLC: 8	DATA(hex): 4D 00 00 00 00 00 11 A1
2026-01-23 14:57:51.397 - INFO - [167949671500] CAN0 CANFD加速    	RX ID: 0x54d     	标准帧 数据帧 DLC: 8	DATA(hex): 4D 00 00 00 00 00 11 A1
2026-01-23 14:57:51.803 - INFO - [167950075000] CAN0 CANFD加速    	RX ID: 0x38b     	标准帧 数据帧 DLC: 8	DATA(hex): 2B 46 16 10 00 28 11 00
2026-01-23 14:57:51.901 - INFO - [167950175800] CAN0 CANFD加速    	RX ID: 0x54d     	标准帧 数据帧 DLC: 8	DATA(hex): 4D 00 00 00 00 00 11 A1
2026-01-23 14:57:52.407 - INFO - [167950680100] CAN0 CANFD加速    	RX ID: 0x54d     	标准帧 数据帧 DLC: 8	DATA(hex): 4D 00 00 00 00 00 11 A1
2026-01-23 14:57:52.812 - INFO - [167951083500] CAN0 CANFD加速    	RX ID: 0x38b     	标准帧 数据帧 DLC: 8	DATA(hex): 2B 46 16 10 00 28 11 00
2026-01-23 14:57:52.909 - INFO - [167951184400] CAN0 CANFD加速    	RX ID: 0x54d     	标准帧 数据帧 DLC: 8	DATA(hex): 4D 00 00 00 00 00 11 A1
2026-01-23 14:57:53.414 - INFO - [167951688700] CAN0 CANFD加速    	RX ID: 0x54d     	标准帧 数据帧 DLC: 8	DATA(hex): 4D 00 00 00 00 00 11 A1
2026-01-23 14:57:53.818 - INFO - [167952092100] CAN0 CANFD加速    	RX ID: 0x38b     	标准帧 数据帧 DLC: 8	DATA(hex): 2B 46 16 10 00 28 11 00
2026-01-23 14:57:53.919 - INFO - [167952193000] CAN0 CANFD加速    	RX ID: 0x54d     	标准帧 数据帧 DLC: 8	DATA(hex): 4D 00 00 00 00 00 11 A1
2026-01-23 14:57:54.423 - INFO - [167952697300] CAN0 CANFD加速    	RX ID: 0x54d     	标准帧 数据帧 DLC: 8	DATA(hex): 4D 00 00 00 00 00 11 A1
2026-01-23 14:57:54.829 - INFO - [167953100700] CAN0 CANFD加速    	RX ID: 0x38b     	标准帧 数据帧 DLC: 8	DATA(hex): 2B 46 16 10 00 28 11 00
2026-01-23 14:57:54.927 - INFO - [167953201600] CAN0 CANFD加速    	RX ID: 0x54d     	标准帧 数据帧 DLC: 8	DATA(hex): 4D 00 00 00 00 00 11 A1
2026-01-23 14:57:55.434 - INFO - [167953705800] CAN0 CANFD加速    	RX ID: 0x54d     	标准帧 数据帧 DLC: 8	DATA(hex): 4D 00 00 00 00 00 11 A1
2026-01-23 14:57:55.839 - INFO - [167954109300] CAN0 CANFD加速    	RX ID: 0x38b     	标准帧 数据帧 DLC: 8	DATA(hex): 2B 46 16 10 00 28 11 00
2026-01-23 14:57:55.937 - INFO - [167954210100] CAN0 CANFD加速    	RX ID: 0x54d     	标准帧 数据帧 DLC: 8	DATA(hex): 4D 00 00 00 00 00 11 A1
2026-01-23 14:57:56.439 - INFO - [167954714400] CAN0 CANFD加速    	RX ID: 0x54d     	标准帧 数据帧 DLC: 8	DATA(hex): 4D 00 00 00 00 00 11 A1
2026-01-23 14:57:56.846 - INFO - [167955117900] CAN0 CANFD加速    	RX ID: 0x38b     	标准帧 数据帧 DLC: 8	DATA(hex): 2B 46 16 10 00 28 11 00
2026-01-23 14:57:56.943 - INFO - [167955218700] CAN0 CANFD加速    	RX ID: 0x54d     	标准帧 数据帧 DLC: 8	DATA(hex): 4D 00 00 00 00 00 11 A1
2026-01-23 14:57:57.451 - INFO - [167955723000] CAN0 CANFD加速    	RX ID: 0x54d     	标准帧 数据帧 DLC: 8	DATA(hex): 4D 00 00 00 00 00 11 A1
2026-01-23 14:57:57.853 - INFO - [167956126500] CAN0 CANFD加速    	RX ID: 0x38b     	标准帧 数据帧 DLC: 8	DATA(hex): 2B 46 16 10 00 28 11 00
2026-01-23 14:57:57.956 - INFO - [167956227400] CAN0 CANFD加速    	RX ID: 0x54d     	标准帧 数据帧 DLC: 8	DATA(hex): 4D 00 00 00 00 00 11 A1
2026-01-23 14:57:58.458 - INFO - [167956731700] CAN0 CANFD加速    	RX ID: 0x54d     	标准帧 数据帧 DLC: 8	DATA(hex): 4D 00 00 00 00 00 11 A1
2026-01-23 14:57:58.859 - INFO - [167957135100] CAN0 CANFD加速    	RX ID: 0x38b     	标准帧 数据帧 DLC: 8	DATA(hex): 2B 46 16 10 00 28 11 00
2026-01-23 14:57:58.965 - INFO - [167957236000] CAN0 CANFD加速    	RX ID: 0x54d     	标准帧 数据帧 DLC: 8	DATA(hex): 4D 00 00 00 00 00 11 A1
2026-01-23 14:57:59.470 - INFO - [167957740200] CAN0 CANFD加速    	RX ID: 0x54d     	标准帧 数据帧 DLC: 8	DATA(hex): 4D 00 00 00 00 00 11 A1
2026-01-23 14:57:59.871 - INFO - [167958143700] CAN0 CANFD加速    	RX ID: 0x38b     	标准帧 数据帧 DLC: 8	DATA(hex): 2B 46 16 10 00 28 11 00
2026-01-23 14:57:59.974 - INFO - [167958244600] CAN0 CANFD加速    	RX ID: 0x54d     	标准帧 数据帧 DLC: 8	DATA(hex): 4D 00 00 00 00 00 11 A1
2026-01-23 14:58:00.475 - INFO - [167958748900] CAN0 CANFD加速    	RX ID: 0x54d     	标准帧 数据帧 DLC: 8	DATA(hex): 4D 00 00 00 00 00 11 A1
2026-01-23 14:58:00.879 - INFO - [167959152300] CAN0 CANFD加速    	RX ID: 0x38b     	标准帧 数据帧 DLC: 8	DATA(hex): 2B 46 16 10 00 28 11 00
2026-01-23 14:58:00.980 - INFO - [167959253200] CAN0 CANFD加速    	RX ID: 0x54d     	标准帧 数据帧 DLC: 8	DATA(hex): 4D 00 00 00 00 00 11 A1
2026-01-23 14:58:01.484 - INFO - [167959757500] CAN0 CANFD加速    	RX ID: 0x54d     	标准帧 数据帧 DLC: 8	DATA(hex): 4D 00 00 00 00 00 11 A1
2026-01-23 14:58:01.889 - INFO - [167960160900] CAN0 CANFD加速    	RX ID: 0x38b     	标准帧 数据帧 DLC: 8	DATA(hex): 2B 46 16 10 00 28 11 00
2026-01-23 14:58:01.987 - INFO - [167960261700] CAN0 CANFD加速    	RX ID: 0x54d     	标准帧 数据帧 DLC: 8	DATA(hex): 4D 00 00 00 00 00 11 A1
2026-01-23 14:58:02.493 - INFO - [167960766000] CAN0 CANFD加速    	RX ID: 0x54d     	标准帧 数据帧 DLC: 8	DATA(hex): 4D 00 00 00 00 00 11 A1
2026-01-23 14:58:02.895 - INFO - [167961169500] CAN0 CANFD加速    	RX ID: 0x38b     	标准帧 数据帧 DLC: 8	DATA(hex): 2B 46 16 10 00 28 11 00
2026-01-23 14:58:02.996 - INFO - [167961270300] CAN0 CANFD加速    	RX ID: 0x54d     	标准帧 数据帧 DLC: 8	DATA(hex): 4D 00 00 00 00 00 11 A1
2026-01-23 14:58:03.505 - INFO - [167961774600] CAN0 CANFD加速    	RX ID: 0x54d     	标准帧 数据帧 DLC: 8	DATA(hex): 4D 00 00 00 00 00 11 A1
2026-01-23 14:58:03.907 - INFO - [167962178000] CAN0 CANFD加速    	RX ID: 0x38b     	标准帧 数据帧 DLC: 8	DATA(hex): 2B 46 16 10 00 28 11 00
2026-01-23 14:58:04.008 - INFO - [167962278900] CAN0 CANFD加速    	RX ID: 0x54d     	标准帧 数据帧 DLC: 8	DATA(hex): 4D 00 00 00 00 00 11 A1
2026-01-23 14:58:04.513 - INFO - [167962783200] CAN0 CANFD加速    	RX ID: 0x54d     	标准帧 数据帧 DLC: 8	DATA(hex): 4D 00 00 00 00 00 11 A1
2026-01-23 14:58:04.911 - INFO - [167963186600] CAN0 CANFD加速    	RX ID: 0x38b     	标准帧 数据帧 DLC: 8	DATA(hex): 2B 46 16 10 00 28 11 00
2026-01-23 14:58:05.015 - INFO - [167963287400] CAN0 CANFD加速    	RX ID: 0x54d     	标准帧 数据帧 DLC: 8	DATA(hex): 4D 00 00 00 00 00 11 A1
2026-01-23 14:58:05.522 - INFO - [167963791700] CAN0 CANFD加速    	RX ID: 0x54d     	标准帧 数据帧 DLC: 8	DATA(hex): 4D 00 00 00 00 00 11 A1
2026-01-23 14:58:05.922 - INFO - [167964195200] CAN0 CANFD加速    	RX ID: 0x38b     	标准帧 数据帧 DLC: 8	DATA(hex): 2B 46 16 10 00 28 11 00
2026-01-23 14:58:06.023 - INFO - [167964296100] CAN0 CANFD加速    	RX ID: 0x54d     	标准帧 数据帧 DLC: 8	DATA(hex): 4D 00 00 00 00 00 11 A1
2026-01-23 14:58:06.529 - INFO - [167964800300] CAN0 CANFD加速    	RX ID: 0x54d     	标准帧 数据帧 DLC: 8	DATA(hex): 4D 00 00 00 00 00 11 A1
2026-01-23 14:58:06.928 - INFO - [167965203800] CAN0 CANFD加速    	RX ID: 0x38b     	标准帧 数据帧 DLC: 8	DATA(hex): 2B 46 16 10 00 28 11 00
2026-01-23 14:58:07.030 - INFO - [167965304600] CAN0 CANFD加速    	RX ID: 0x54d     	标准帧 数据帧 DLC: 8	DATA(hex): 4D 00 00 00 00 00 11 A1
2026-01-23 14:58:07.534 - INFO - [167965808900] CAN0 CANFD加速    	RX ID: 0x54d     	标准帧 数据帧 DLC: 8	DATA(hex): 4D 00 00 00 00 00 11 A1
2026-01-23 14:58:07.942 - INFO - [167966212400] CAN0 CANFD加速    	RX ID: 0x38b     	标准帧 数据帧 DLC: 8	DATA(hex): 2B 46 16 10 00 28 11 00
2026-01-23 14:58:08.043 - INFO - [167966313200] CAN0 CANFD加速    	RX ID: 0x54d     	标准帧 数据帧 DLC: 8	DATA(hex): 4D 00 00 00 00 00 11 A1
2026-01-23 14:58:08.544 - INFO - [167966817500] CAN0 CANFD加速    	RX ID: 0x54d     	标准帧 数据帧 DLC: 8	DATA(hex): 4D 00 00 00 00 00 11 A1
2026-01-23 14:58:08.949 - INFO - [167967220900] CAN0 CANFD加速    	RX ID: 0x38b     	标准帧 数据帧 DLC: 8	DATA(hex): 2B 46 16 10 00 28 11 00
2026-01-23 14:58:09.051 - INFO - [167967321800] CAN0 CANFD加速    	RX ID: 0x54d     	标准帧 数据帧 DLC: 8	DATA(hex): 4D 00 00 00 00 00 11 A1
2026-01-23 14:58:09.552 - INFO - [167967826100] CAN0 CANFD加速    	RX ID: 0x54d     	标准帧 数据帧 DLC: 8	DATA(hex): 4D 00 00 00 00 00 11 A1
2026-01-23 14:58:09.956 - INFO - [167968229500] CAN0 CANFD加速    	RX ID: 0x38b     	标准帧 数据帧 DLC: 8	DATA(hex): 2B 46 16 10 00 28 11 00
2026-01-23 14:58:10.057 - INFO - [167968330400] CAN0 CANFD加速    	RX ID: 0x54d     	标准帧 数据帧 DLC: 8	DATA(hex): 4D 00 00 00 00 00 11 A1
2026-01-23 14:58:10.560 - INFO - [167968834600] CAN0 CANFD加速    	RX ID: 0x54d     	标准帧 数据帧 DLC: 8	DATA(hex): 4D 00 00 00 00 00 11 A1
2026-01-23 14:58:10.966 - INFO - [167969238200] CAN0 CANFD加速    	RX ID: 0x38b     	标准帧 数据帧 DLC: 8	DATA(hex): 2B 46 16 10 00 28 11 00
2026-01-23 14:58:11.068 - INFO - [167969339000] CAN0 CANFD加速    	RX ID: 0x54d     	标准帧 数据帧 DLC: 8	DATA(hex): 4D 00 00 00 00 00 11 A1
2026-01-23 14:58:11.570 - INFO - [167969843200] CAN0 CANFD加速    	RX ID: 0x54d     	标准帧 数据帧 DLC: 8	DATA(hex): 4D 00 00 00 00 00 11 A1
2026-01-23 14:58:11.975 - INFO - [167970246700] CAN0 CANFD加速    	RX ID: 0x38b     	标准帧 数据帧 DLC: 8	DATA(hex): 2B 46 16 10 00 28 11 00
2026-01-23 14:58:12.074 - INFO - [167970347600] CAN0 CANFD加速    	RX ID: 0x54d     	标准帧 数据帧 DLC: 8	DATA(hex): 4D 00 00 00 00 00 11 A1
2026-01-23 14:58:12.578 - INFO - [167970851800] CAN0 CANFD加速    	RX ID: 0x54d     	标准帧 数据帧 DLC: 8	DATA(hex): 4D 00 00 00 00 00 11 A1
2026-01-23 14:58:12.983 - INFO - [167971255300] CAN0 CANFD加速    	RX ID: 0x38b     	标准帧 数据帧 DLC: 8	DATA(hex): 2B 46 16 10 00 28 11 00
2026-01-23 14:58:13.085 - INFO - [167971356100] CAN0 CANFD加速    	RX ID: 0x54d     	标准帧 数据帧 DLC: 8	DATA(hex): 4D 00 00 00 00 00 11 A1
2026-01-23 14:58:13.589 - INFO - [167971860400] CAN0 CANFD加速    	RX ID: 0x54d     	标准帧 数据帧 DLC: 8	DATA(hex): 4D 00 00 00 00 00 11 A1
2026-01-23 14:58:13.993 - INFO - [167972263800] CAN0 CANFD加速    	RX ID: 0x38b     	标准帧 数据帧 DLC: 8	DATA(hex): 2B 46 16 10 00 28 11 00
2026-01-23 14:58:14.093 - INFO - [167972364800] CAN0 CANFD加速    	RX ID: 0x54d     	标准帧 数据帧 DLC: 8	DATA(hex): 4D 00 00 00 00 00 11 A1
2026-01-23 14:58:14.595 - INFO - [167972869000] CAN0 CANFD加速    	RX ID: 0x54d     	标准帧 数据帧 DLC: 8	DATA(hex): 4D 00 00 00 00 00 11 A1
2026-01-23 14:58:14.999 - INFO - [167973272400] CAN0 CANFD加速    	RX ID: 0x38b     	标准帧 数据帧 DLC: 8	DATA(hex): 2B 46 16 10 00 28 11 00
2026-01-23 14:58:15.098 - INFO - [167973373200] CAN0 CANFD加速    	RX ID: 0x54d     	标准帧 数据帧 DLC: 8	DATA(hex): 4D 00 00 00 00 00 11 A1
2026-01-23 14:58:15.607 - INFO - [167973877600] CAN0 CANFD加速    	RX ID: 0x54d     	标准帧 数据帧 DLC: 8	DATA(hex): 4D 00 00 00 00 00 11 A1
2026-01-23 14:58:16.010 - INFO - [167974281000] CAN0 CANFD加速    	RX ID: 0x38b     	标准帧 数据帧 DLC: 8	DATA(hex): 2B 46 16 10 00 28 11 00
2026-01-23 14:58:16.111 - INFO - [167974381900] CAN0 CANFD加速    	RX ID: 0x54d     	标准帧 数据帧 DLC: 8	DATA(hex): 4D 00 00 00 00 00 11 A1
2026-01-23 14:58:16.614 - INFO - [167974886100] CAN0 CANFD加速    	RX ID: 0x54d     	标准帧 数据帧 DLC: 8	DATA(hex): 4D 00 00 00 00 00 11 A1
2026-01-23 14:58:17.016 - INFO - [167975289500] CAN0 CANFD加速    	RX ID: 0x38b     	标准帧 数据帧 DLC: 8	DATA(hex): 2B 46 16 10 00 28 11 00
2026-01-23 14:58:17.116 - INFO - [167975390400] CAN0 CANFD加速    	RX ID: 0x54d     	标准帧 数据帧 DLC: 8	DATA(hex): 4D 00 00 00 00 00 11 A1
2026-01-23 14:58:17.622 - INFO - [167975894700] CAN0 CANFD加速    	RX ID: 0x54d     	标准帧 数据帧 DLC: 8	DATA(hex): 4D 00 00 00 00 00 11 A1
2026-01-23 14:58:18.025 - INFO - [167976298100] CAN0 CANFD加速    	RX ID: 0x38b     	标准帧 数据帧 DLC: 8	DATA(hex): 2B 46 16 10 00 28 11 00
2026-01-23 14:58:18.129 - INFO - [167976398900] CAN0 CANFD加速    	RX ID: 0x54d     	标准帧 数据帧 DLC: 8	DATA(hex): 4D 00 00 00 00 00 11 A1
2026-01-23 14:58:18.634 - INFO - [167976903300] CAN0 CANFD加速    	RX ID: 0x54d     	标准帧 数据帧 DLC: 8	DATA(hex): 4D 00 00 00 00 00 11 A1
2026-01-23 14:58:19.033 - INFO - [167977306700] CAN0 CANFD加速    	RX ID: 0x38b     	标准帧 数据帧 DLC: 8	DATA(hex): 2B 46 16 10 00 28 11 00
2026-01-23 14:58:19.136 - INFO - [167977407500] CAN0 CANFD加速    	RX ID: 0x54d     	标准帧 数据帧 DLC: 8	DATA(hex): 4D 00 00 00 00 00 11 A1
2026-01-23 14:58:19.639 - INFO - [167977911900] CAN0 CANFD加速    	RX ID: 0x54d     	标准帧 数据帧 DLC: 8	DATA(hex): 4D 00 00 00 00 00 11 A1
2026-01-23 14:58:20.042 - INFO - [167978315200] CAN0 CANFD加速    	RX ID: 0x38b     	标准帧 数据帧 DLC: 8	DATA(hex): 2B 46 16 10 00 28 11 00
2026-01-23 14:58:20.145 - INFO - [167978416100] CAN0 CANFD加速    	RX ID: 0x54d     	标准帧 数据帧 DLC: 8	DATA(hex): 4D 00 00 00 00 00 11 A1
2026-01-23 14:58:20.648 - INFO - [167978920400] CAN0 CANFD加速    	RX ID: 0x54d     	标准帧 数据帧 DLC: 8	DATA(hex): 4D 00 00 00 00 00 11 A1
2026-01-23 14:58:21.052 - INFO - [167979323800] CAN0 CANFD加速    	RX ID: 0x38b     	标准帧 数据帧 DLC: 8	DATA(hex): 2B 46 16 10 00 28 11 00
2026-01-23 14:58:21.151 - INFO - [167979424700] CAN0 CANFD加速    	RX ID: 0x54d     	标准帧 数据帧 DLC: 8	DATA(hex): 4D 00 00 00 00 00 11 A1
2026-01-23 14:58:21.656 - INFO - [167979929000] CAN0 CANFD加速    	RX ID: 0x54d     	标准帧 数据帧 DLC: 8	DATA(hex): 4D 00 00 00 00 00 11 A1
2026-01-23 14:58:22.060 - INFO - [167980332400] CAN0 CANFD加速    	RX ID: 0x38b     	标准帧 数据帧 DLC: 8	DATA(hex): 2B 46 16 10 00 28 11 00
2026-01-23 14:58:22.159 - INFO - [167980433300] CAN0 CANFD加速    	RX ID: 0x54d     	标准帧 数据帧 DLC: 8	DATA(hex): 4D 00 00 00 00 00 11 A1
2026-01-23 14:58:22.663 - INFO - [167980937600] CAN0 CANFD加速    	RX ID: 0x54d     	标准帧 数据帧 DLC: 8	DATA(hex): 4D 00 00 00 00 00 11 A1
2026-01-23 14:58:23.069 - INFO - [167981341100] CAN0 CANFD加速    	RX ID: 0x38b     	标准帧 数据帧 DLC: 8	DATA(hex): 2B 46 16 10 00 28 11 00
2026-01-23 14:58:23.169 - INFO - [167981441800] CAN0 CANFD加速    	RX ID: 0x54d     	标准帧 数据帧 DLC: 8	DATA(hex): 4D 00 00 00 00 00 11 A1
2026-01-23 14:58:23.676 - INFO - [167981946100] CAN0 CANFD加速    	RX ID: 0x54d     	标准帧 数据帧 DLC: 8	DATA(hex): 4D 00 00 00 00 00 11 A1
2026-01-23 14:58:24.079 - INFO - [167982349500] CAN0 CANFD加速    	RX ID: 0x38b     	标准帧 数据帧 DLC: 8	DATA(hex): 2B 46 16 10 00 28 11 00
2026-01-23 14:58:24.178 - INFO - [167982450400] CAN0 CANFD加速    	RX ID: 0x54d     	标准帧 数据帧 DLC: 8	DATA(hex): 4D 00 00 00 00 00 11 A1
2026-01-23 14:58:24.682 - INFO - [167982954700] CAN0 CANFD加速    	RX ID: 0x54d     	标准帧 数据帧 DLC: 8	DATA(hex): 4D 00 00 00 00 00 11 A1
2026-01-23 14:58:25.086 - INFO - [167983358100] CAN0 CANFD加速    	RX ID: 0x38b     	标准帧 数据帧 DLC: 8	DATA(hex): 2B 46 16 10 00 28 11 00
2026-01-23 14:58:25.187 - INFO - [167983459000] CAN0 CANFD加速    	RX ID: 0x54d     	标准帧 数据帧 DLC: 8	DATA(hex): 4D 00 00 00 00 00 11 A1
2026-01-23 14:58:25.694 - INFO - [167983963300] CAN0 CANFD加速    	RX ID: 0x54d     	标准帧 数据帧 DLC: 8	DATA(hex): 4D 00 00 00 00 00 11 A1
2026-01-23 14:58:26.098 - INFO - [167984366700] CAN0 CANFD加速    	RX ID: 0x38b     	标准帧 数据帧 DLC: 8	DATA(hex): 2B 46 16 10 00 28 11 00
2026-01-23 14:58:26.193 - INFO - [167984467600] CAN0 CANFD加速    	RX ID: 0x54d     	标准帧 数据帧 DLC: 8	DATA(hex): 4D 00 00 00 00 00 11 A1
2026-01-23 14:58:26.698 - INFO - [167984971800] CAN0 CANFD加速    	RX ID: 0x54d     	标准帧 数据帧 DLC: 8	DATA(hex): 4D 00 00 00 00 00 11 A1
2026-01-23 14:58:27.105 - INFO - [167985375200] CAN0 CANFD加速    	RX ID: 0x38b     	标准帧 数据帧 DLC: 8	DATA(hex): 2B 46 16 10 00 28 11 00
2026-01-23 14:58:27.203 - INFO - [167985476100] CAN0 CANFD加速    	RX ID: 0x54d     	标准帧 数据帧 DLC: 8	DATA(hex): 4D 00 00 00 00 00 11 A1
2026-01-23 14:58:27.706 - INFO - [167985980400] CAN0 CANFD加速    	RX ID: 0x54d     	标准帧 数据帧 DLC: 8	DATA(hex): 4D 00 00 00 00 00 11 A1
2026-01-23 14:58:28.113 - INFO - [167986383800] CAN0 CANFD加速    	RX ID: 0x38b     	标准帧 数据帧 DLC: 8	DATA(hex): 2B 46 16 10 00 28 11 00
2026-01-23 14:58:28.211 - INFO - [167986484700] CAN0 CANFD加速    	RX ID: 0x54d     	标准帧 数据帧 DLC: 8	DATA(hex): 4D 00 00 00 00 00 11 A1
2026-01-23 14:58:28.715 - INFO - [167986989000] CAN0 CANFD加速    	RX ID: 0x54d     	标准帧 数据帧 DLC: 8	DATA(hex): 4D 00 00 00 00 00 11 A1
2026-01-23 14:58:29.120 - INFO - [167987392400] CAN0 CANFD加速    	RX ID: 0x38b     	标准帧 数据帧 DLC: 8	DATA(hex): 2B 46 16 10 00 28 11 00
2026-01-23 14:58:29.219 - INFO - [167987493300] CAN0 CANFD加速    	RX ID: 0x54d     	标准帧 数据帧 DLC: 8	DATA(hex): 4D 00 00 00 00 00 11 A1
2026-01-23 14:58:29.726 - INFO - [167987997700] CAN0 CANFD加速    	RX ID: 0x54d     	标准帧 数据帧 DLC: 8	DATA(hex): 4D 00 00 00 00 00 11 A1
2026-01-23 14:58:30.128 - INFO - [167988400900] CAN0 CANFD加速    	RX ID: 0x38b     	标准帧 数据帧 DLC: 8	DATA(hex): 2B 46 16 10 00 28 11 00
2026-01-23 14:58:30.232 - INFO - [167988501800] CAN0 CANFD加速    	RX ID: 0x54d     	标准帧 数据帧 DLC: 8	DATA(hex): 4D 00 00 00 00 00 11 A1
2026-01-23 14:58:30.735 - INFO - [167989006100] CAN0 CANFD加速    	RX ID: 0x54d     	标准帧 数据帧 DLC: 8	DATA(hex): 4D 00 00 00 00 00 11 A1
2026-01-23 14:58:31.141 - INFO - [167989409500] CAN0 CANFD加速    	RX ID: 0x38b     	标准帧 数据帧 DLC: 8	DATA(hex): 2B 46 16 10 00 28 11 00
2026-01-23 14:58:31.238 - INFO - [167989510400] CAN0 CANFD加速    	RX ID: 0x54d     	标准帧 数据帧 DLC: 8	DATA(hex): 4D 00 00 00 00 00 11 A1
2026-01-23 14:58:31.746 - INFO - [167990014700] CAN0 CANFD加速    	RX ID: 0x54d     	标准帧 数据帧 DLC: 8	DATA(hex): 4D 00 00 00 00 00 11 A1
2026-01-23 14:58:32.147 - INFO - [167990418100] CAN0 CANFD加速    	RX ID: 0x38b     	标准帧 数据帧 DLC: 8	DATA(hex): 2B 46 16 10 00 28 11 00
2026-01-23 14:58:32.248 - INFO - [167990519000] CAN0 CANFD加速    	RX ID: 0x54d     	标准帧 数据帧 DLC: 8	DATA(hex): 4D 00 00 00 00 00 11 A1
2026-01-23 14:58:32.750 - INFO - [167991023300] CAN0 CANFD加速    	RX ID: 0x54d     	标准帧 数据帧 DLC: 8	DATA(hex): 4D 00 00 00 00 00 11 A1
2026-01-23 14:58:33.153 - INFO - [167991426700] CAN0 CANFD加速    	RX ID: 0x38b     	标准帧 数据帧 DLC: 8	DATA(hex): 2B 46 16 10 00 28 11 00
2026-01-23 14:58:33.254 - INFO - [167991527500] CAN0 CANFD加速    	RX ID: 0x54d     	标准帧 数据帧 DLC: 8	DATA(hex): 4D 00 00 00 00 00 11 A1
2026-01-23 14:58:33.759 - INFO - [167992031800] CAN0 CANFD加速    	RX ID: 0x54d     	标准帧 数据帧 DLC: 8	DATA(hex): 4D 00 00 00 00 00 11 A1
2026-01-23 14:58:34.162 - INFO - [167992435300] CAN0 CANFD加速    	RX ID: 0x38b     	标准帧 数据帧 DLC: 8	DATA(hex): 2B 46 16 10 00 28 11 00
2026-01-23 14:58:34.265 - INFO - [167992536100] CAN0 CANFD加速    	RX ID: 0x54d     	标准帧 数据帧 DLC: 8	DATA(hex): 4D 00 00 00 00 00 11 A1
2026-01-23 14:58:34.770 - INFO - [167993040400] CAN0 CANFD加速    	RX ID: 0x54d     	标准帧 数据帧 DLC: 8	DATA(hex): 4D 00 00 00 00 00 11 A1
2026-01-23 14:58:35.173 - INFO - [167993443800] CAN0 CANFD加速    	RX ID: 0x38b     	标准帧 数据帧 DLC: 8	DATA(hex): 2B 46 16 10 00 28 11 00
2026-01-23 14:58:35.272 - INFO - [167993544700] CAN0 CANFD加速    	RX ID: 0x54d     	标准帧 数据帧 DLC: 8	DATA(hex): 4D 00 00 00 00 00 11 A1
2026-01-23 14:58:35.781 - INFO - [167994049000] CAN0 CANFD加速    	RX ID: 0x54d     	标准帧 数据帧 DLC: 8	DATA(hex): 4D 00 00 00 00 00 11 A1
2026-01-23 14:58:36.182 - INFO - [167994452400] CAN0 CANFD加速    	RX ID: 0x38b     	标准帧 数据帧 DLC: 8	DATA(hex): 2B 46 16 10 00 28 11 00
2026-01-23 14:58:36.282 - INFO - [167994553300] CAN0 CANFD加速    	RX ID: 0x54d     	标准帧 数据帧 DLC: 8	DATA(hex): 4D 00 00 00 00 00 11 A1
2026-01-23 14:58:36.785 - INFO - [167995057600] CAN0 CANFD加速    	RX ID: 0x54d     	标准帧 数据帧 DLC: 8	DATA(hex): 4D 00 00 00 00 00 11 A1
2026-01-23 14:58:37.190 - INFO - [167995461000] CAN0 CANFD加速    	RX ID: 0x38b     	标准帧 数据帧 DLC: 8	DATA(hex): 2B 46 16 10 00 28 11 00
2026-01-23 14:58:37.290 - INFO - [167995561800] CAN0 CANFD加速    	RX ID: 0x54d     	标准帧 数据帧 DLC: 8	DATA(hex): 4D 00 00 00 00 00 11 A1
2026-01-23 14:58:37.797 - INFO - [167996066100] CAN0 CANFD加速    	RX ID: 0x54d     	标准帧 数据帧 DLC: 8	DATA(hex): 4D 00 00 00 00 00 11 A1
2026-01-23 14:58:38.198 - INFO - [167996469500] CAN0 CANFD加速    	RX ID: 0x38b     	标准帧 数据帧 DLC: 8	DATA(hex): 2B 46 16 10 00 28 11 00
2026-01-23 14:58:38.301 - INFO - [167996570400] CAN0 CANFD加速    	RX ID: 0x54d     	标准帧 数据帧 DLC: 8	DATA(hex): 4D 00 00 00 00 00 11 A1
2026-01-23 14:58:38.807 - INFO - [167997074700] CAN0 CANFD加速    	RX ID: 0x54d     	标准帧 数据帧 DLC: 8	DATA(hex): 4D 00 00 00 00 00 11 A1
2026-01-23 14:58:39.210 - INFO - [167997478100] CAN0 CANFD加速    	RX ID: 0x38b     	标准帧 数据帧 DLC: 8	DATA(hex): 2B 46 16 10 00 28 11 00
2026-01-23 14:58:39.309 - INFO - [167997578900] CAN0 CANFD加速    	RX ID: 0x54d     	标准帧 数据帧 DLC: 8	DATA(hex): 4D 00 00 00 00 00 11 A1
2026-01-23 14:58:39.814 - INFO - [167998083300] CAN0 CANFD加速    	RX ID: 0x54d     	标准帧 数据帧 DLC: 8	DATA(hex): 4D 00 00 00 00 00 11 A1
2026-01-23 14:58:40.219 - INFO - [167998486700] CAN0 CANFD加速    	RX ID: 0x38b     	标准帧 数据帧 DLC: 8	DATA(hex): 2B 46 16 10 00 28 11 00
2026-01-23 14:58:40.315 - INFO - [167998587500] CAN0 CANFD加速    	RX ID: 0x54d     	标准帧 数据帧 DLC: 8	DATA(hex): 4D 00 00 00 00 00 11 A1
2026-01-23 14:58:40.823 - INFO - [167999091800] CAN0 CANFD加速    	RX ID: 0x54d     	标准帧 数据帧 DLC: 8	DATA(hex): 4D 00 00 00 00 00 11 A1
2026-01-23 14:58:41.226 - INFO - [167999495300] CAN0 CANFD加速    	RX ID: 0x38b     	标准帧 数据帧 DLC: 8	DATA(hex): 2B 46 16 10 00 28 11 00
2026-01-23 14:58:41.325 - INFO - [167999596100] CAN0 CANFD加速    	RX ID: 0x54d     	标准帧 数据帧 DLC: 8	DATA(hex): 4D 00 00 00 00 00 11 A1
2026-01-23 14:58:41.828 - INFO - [168000100400] CAN0 CANFD加速    	RX ID: 0x54d     	标准帧 数据帧 DLC: 8	DATA(hex): 4D 00 00 00 00 00 11 A1
2026-01-23 14:58:42.233 - INFO - [168000503900] CAN0 CANFD加速    	RX ID: 0x38b     	标准帧 数据帧 DLC: 8	DATA(hex): 2B 46 16 10 00 28 11 00
2026-01-23 14:58:42.333 - INFO - [168000605100] CAN0 CANFD加速    	RX ID: 0x54d     	标准帧 数据帧 DLC: 8	DATA(hex): 4D 00 00 00 00 00 11 A1
2026-01-23 14:58:42.837 - INFO - [168001109000] CAN0 CANFD加速    	RX ID: 0x54d     	标准帧 数据帧 DLC: 8	DATA(hex): 4D 00 00 00 00 00 11 A1
2026-01-23 14:58:43.244 - INFO - [168001512400] CAN0 CANFD加速    	RX ID: 0x38b     	标准帧 数据帧 DLC: 8	DATA(hex): 2B 46 16 10 00 28 11 00
2026-01-23 14:58:43.341 - INFO - [168001613300] CAN0 CANFD加速    	RX ID: 0x54d     	标准帧 数据帧 DLC: 8	DATA(hex): 4D 00 00 00 00 00 11 A1
2026-01-23 14:58:43.850 - INFO - [168002117500] CAN0 CANFD加速    	RX ID: 0x54d     	标准帧 数据帧 DLC: 8	DATA(hex): 4D 00 00 00 00 00 11 A1
2026-01-23 14:58:44.252 - INFO - [168002521000] CAN0 CANFD加速    	RX ID: 0x38b     	标准帧 数据帧 DLC: 8	DATA(hex): 2B 46 16 10 00 28 11 00
2026-01-23 14:58:44.353 - INFO - [168002621900] CAN0 CANFD加速    	RX ID: 0x54d     	标准帧 数据帧 DLC: 8	DATA(hex): 4D 00 00 00 00 00 11 A1
2026-01-23 14:58:44.857 - INFO - [168003126200] CAN0 CANFD加速    	RX ID: 0x54d     	标准帧 数据帧 DLC: 8	DATA(hex): 4D 00 00 00 00 00 11 A1
2026-01-23 14:58:45.259 - INFO - [168003529600] CAN0 CANFD加速    	RX ID: 0x38b     	标准帧 数据帧 DLC: 8	DATA(hex): 2B 46 16 10 00 28 11 00
2026-01-23 14:58:45.358 - INFO - [168003630500] CAN0 CANFD加速    	RX ID: 0x54d     	标准帧 数据帧 DLC: 8	DATA(hex): 4D 00 00 00 00 00 11 A1
2026-01-23 14:58:45.862 - INFO - [168004134700] CAN0 CANFD加速    	RX ID: 0x54d     	标准帧 数据帧 DLC: 8	DATA(hex): 4D 00 00 00 00 00 11 A1
2026-01-23 14:58:46.267 - INFO - [168004538200] CAN0 CANFD加速    	RX ID: 0x38b     	标准帧 数据帧 DLC: 8	DATA(hex): 2B 46 16 10 00 28 11 00
2026-01-23 14:58:46.368 - INFO - [168004639000] CAN0 CANFD加速    	RX ID: 0x54d     	标准帧 数据帧 DLC: 8	DATA(hex): 4D 00 00 00 00 00 11 A1
2026-01-23 14:58:46.871 - INFO - [168005143300] CAN0 CANFD加速    	RX ID: 0x54d     	标准帧 数据帧 DLC: 8	DATA(hex): 4D 00 00 00 00 00 11 A1
2026-01-23 14:58:47.278 - INFO - [168005546700] CAN0 CANFD加速    	RX ID: 0x38b     	标准帧 数据帧 DLC: 8	DATA(hex): 2B 46 16 10 00 28 11 00
2026-01-23 14:58:47.376 - INFO - [168005647600] CAN0 CANFD加速    	RX ID: 0x54d     	标准帧 数据帧 DLC: 8	DATA(hex): 4D 00 00 00 00 00 11 A1
2026-01-23 14:58:47.881 - INFO - [168006151800] CAN0 CANFD加速    	RX ID: 0x54d     	标准帧 数据帧 DLC: 8	DATA(hex): 4D 00 00 00 00 00 11 A1
2026-01-23 14:58:48.284 - INFO - [168006555300] CAN0 CANFD加速    	RX ID: 0x38b     	标准帧 数据帧 DLC: 8	DATA(hex): 2B 46 16 10 00 28 11 00
2026-01-23 14:58:48.383 - INFO - [168006656100] CAN0 CANFD加速    	RX ID: 0x54d     	标准帧 数据帧 DLC: 8	DATA(hex): 4D 00 00 00 00 00 11 A1
2026-01-23 14:58:48.891 - INFO - [168007160400] CAN0 CANFD加速    	RX ID: 0x54d     	标准帧 数据帧 DLC: 8	DATA(hex): 4D 00 00 00 00 00 11 A1
2026-01-23 14:58:49.295 - INFO - [168007563800] CAN0 CANFD加速    	RX ID: 0x38b     	标准帧 数据帧 DLC: 8	DATA(hex): 2B 46 16 10 00 28 11 00
2026-01-23 14:58:49.393 - INFO - [168007664700] CAN0 CANFD加速    	RX ID: 0x54d     	标准帧 数据帧 DLC: 8	DATA(hex): 4D 00 00 00 00 00 11 A1
2026-01-23 14:58:49.901 - INFO - [168008169000] CAN0 CANFD加速    	RX ID: 0x54d     	标准帧 数据帧 DLC: 8	DATA(hex): 4D 00 00 00 00 00 11 A1
2026-01-23 14:58:50.304 - INFO - [168008572400] CAN0 CANFD加速    	RX ID: 0x38b     	标准帧 数据帧 DLC: 8	DATA(hex): 2B 46 16 10 00 28 11 00
2026-01-23 14:58:50.403 - INFO - [168008673200] CAN0 CANFD加速    	RX ID: 0x54d     	标准帧 数据帧 DLC: 8	DATA(hex): 4D 00 00 00 00 00 11 A1
2026-01-23 14:58:50.909 - INFO - [168009177600] CAN0 CANFD加速    	RX ID: 0x54d     	标准帧 数据帧 DLC: 8	DATA(hex): 4D 00 00 00 00 00 11 A1
2026-01-23 14:58:51.311 - INFO - [168009581000] CAN0 CANFD加速    	RX ID: 0x38b     	标准帧 数据帧 DLC: 8	DATA(hex): 2B 46 16 10 00 28 11 00
2026-01-23 14:58:51.414 - INFO - [168009681800] CAN0 CANFD加速    	RX ID: 0x54d     	标准帧 数据帧 DLC: 8	DATA(hex): 4D 00 00 00 00 00 11 A1
2026-01-23 14:58:51.918 - INFO - [168010186200] CAN0 CANFD加速    	RX ID: 0x54d     	标准帧 数据帧 DLC: 8	DATA(hex): 4D 00 00 00 00 00 11 A1
2026-01-23 14:58:52.318 - INFO - [168010589600] CAN0 CANFD加速    	RX ID: 0x38b     	标准帧 数据帧 DLC: 8	DATA(hex): 2B 46 16 10 00 28 11 00
2026-01-23 14:58:52.422 - INFO - [168010690400] CAN0 CANFD加速    	RX ID: 0x54d     	标准帧 数据帧 DLC: 8	DATA(hex): 4D 00 00 00 00 00 11 A1
2026-01-23 14:58:52.928 - INFO - [168011194700] CAN0 CANFD加速    	RX ID: 0x54d     	标准帧 数据帧 DLC: 8	DATA(hex): 4D 00 00 00 00 00 11 A1
2026-01-23 14:58:53.328 - INFO - [168011598200] CAN0 CANFD加速    	RX ID: 0x38b     	标准帧 数据帧 DLC: 8	DATA(hex): 2B 46 16 10 00 28 11 00
2026-01-23 14:58:53.429 - INFO - [168011699000] CAN0 CANFD加速    	RX ID: 0x54d     	标准帧 数据帧 DLC: 8	DATA(hex): 4D 00 00 00 00 00 11 A1
2026-01-23 14:58:53.931 - INFO - [168012203300] CAN0 CANFD加速    	RX ID: 0x54d     	标准帧 数据帧 DLC: 8	DATA(hex): 4D 00 00 00 00 00 11 A1
2026-01-23 14:58:54.334 - INFO - [168012606700] CAN0 CANFD加速    	RX ID: 0x38b     	标准帧 数据帧 DLC: 8	DATA(hex): 2B 46 16 10 00 28 11 00
2026-01-23 14:58:54.437 - INFO - [168012707600] CAN0 CANFD加速    	RX ID: 0x54d     	标准帧 数据帧 DLC: 8	DATA(hex): 4D 00 00 00 00 00 11 A1
2026-01-23 14:58:54.941 - INFO - [168013211900] CAN0 CANFD加速    	RX ID: 0x54d     	标准帧 数据帧 DLC: 8	DATA(hex): 4D 00 00 00 00 00 11 A1
2026-01-23 14:58:55.343 - INFO - [168013615300] CAN0 CANFD加速    	RX ID: 0x38b     	标准帧 数据帧 DLC: 8	DATA(hex): 2B 46 16 10 00 28 11 00
2026-01-23 14:58:55.447 - INFO - [168013716200] CAN0 CANFD加速    	RX ID: 0x54d     	标准帧 数据帧 DLC: 8	DATA(hex): 4D 00 00 00 00 00 11 A1
2026-01-23 14:58:55.948 - INFO - [168014220500] CAN0 CANFD加速    	RX ID: 0x54d     	标准帧 数据帧 DLC: 8	DATA(hex): 4D 00 00 00 00 00 11 A1
2026-01-23 14:58:56.355 - INFO - [168014623800] CAN0 CANFD加速    	RX ID: 0x38b     	标准帧 数据帧 DLC: 8	DATA(hex): 2B 46 16 10 00 28 11 00
2026-01-23 14:58:56.455 - INFO - [168014724700] CAN0 CANFD加速    	RX ID: 0x54d     	标准帧 数据帧 DLC: 8	DATA(hex): 4D 00 00 00 00 00 11 A1
2026-01-23 14:58:56.961 - INFO - [168015229000] CAN0 CANFD加速    	RX ID: 0x54d     	标准帧 数据帧 DLC: 8	DATA(hex): 4D 00 00 00 00 00 11 A1
2026-01-23 14:58:57.365 - INFO - [168015632400] CAN0 CANFD加速    	RX ID: 0x38b     	标准帧 数据帧 DLC: 8	DATA(hex): 2B 46 16 10 00 28 11 00
2026-01-23 14:58:57.465 - INFO - [168015733300] CAN0 CANFD加速    	RX ID: 0x54d     	标准帧 数据帧 DLC: 8	DATA(hex): 4D 00 00 00 00 00 11 A1
2026-01-23 14:58:57.967 - INFO - [168016237600] CAN0 CANFD加速    	RX ID: 0x54d     	标准帧 数据帧 DLC: 8	DATA(hex): 4D 00 00 00 00 00 11 A1
2026-01-23 14:58:58.370 - INFO - [168016641000] CAN0 CANFD加速    	RX ID: 0x38b     	标准帧 数据帧 DLC: 8	DATA(hex): 2B 46 16 10 00 28 11 00
2026-01-23 14:58:58.473 - INFO - [168016741900] CAN0 CANFD加速    	RX ID: 0x54d     	标准帧 数据帧 DLC: 8	DATA(hex): 4D 00 00 00 00 00 11 A1
2026-01-23 14:58:58.976 - INFO - [168017246200] CAN0 CANFD加速    	RX ID: 0x54d     	标准帧 数据帧 DLC: 8	DATA(hex): 4D 00 00 00 00 00 11 A1
2026-01-23 14:58:59.380 - INFO - [168017649600] CAN0 CANFD加速    	RX ID: 0x38b     	标准帧 数据帧 DLC: 8	DATA(hex): 2B 46 16 10 00 28 11 00
2026-01-23 14:58:59.483 - INFO - [168017750500] CAN0 CANFD加速    	RX ID: 0x54d     	标准帧 数据帧 DLC: 8	DATA(hex): 4D 00 00 00 00 00 11 A1
2026-01-23 14:58:59.988 - INFO - [168018254700] CAN0 CANFD加速    	RX ID: 0x54d     	标准帧 数据帧 DLC: 8	DATA(hex): 4D 00 00 00 00 00 11 A1
2026-01-23 14:59:00.386 - INFO - [168018658200] CAN0 CANFD加速    	RX ID: 0x38b     	标准帧 数据帧 DLC: 8	DATA(hex): 2B 46 16 10 00 28 11 00
2026-01-23 14:59:00.491 - INFO - [168018759000] CAN0 CANFD加速    	RX ID: 0x54d     	标准帧 数据帧 DLC: 8	DATA(hex): 4D 00 00 00 00 00 11 A1
2026-01-23 14:59:00.996 - INFO - [168019263400] CAN0 CANFD加速    	RX ID: 0x54d     	标准帧 数据帧 DLC: 8	DATA(hex): 4D 00 00 00 00 00 11 A1
2026-01-23 14:59:01.397 - INFO - [168019666700] CAN0 CANFD加速    	RX ID: 0x38b     	标准帧 数据帧 DLC: 8	DATA(hex): 2B 46 16 10 00 28 11 00
2026-01-23 14:59:01.502 - INFO - [168019767600] CAN0 CANFD加速    	RX ID: 0x54d     	标准帧 数据帧 DLC: 8	DATA(hex): 4D 00 00 00 00 00 11 A1
2026-01-23 14:59:02.004 - INFO - [168020271900] CAN0 CANFD加速    	RX ID: 0x54d     	标准帧 数据帧 DLC: 8	DATA(hex): 4D 00 00 00 00 00 11 A1
2026-01-23 14:59:02.404 - INFO - [168020675300] CAN0 CANFD加速    	RX ID: 0x38b     	标准帧 数据帧 DLC: 8	DATA(hex): 2B 46 16 10 00 28 11 00
2026-01-23 14:59:02.508 - INFO - [168020776200] CAN0 CANFD加速    	RX ID: 0x54d     	标准帧 数据帧 DLC: 8	DATA(hex): 4D 00 00 00 00 00 11 A1
2026-01-23 14:59:03.010 - INFO - [168021280600] CAN0 CANFD加速    	RX ID: 0x54d     	标准帧 数据帧 DLC: 8	DATA(hex): 4D 00 00 00 00 00 11 A1
2026-01-23 14:59:03.414 - INFO - [168021683900] CAN0 CANFD加速    	RX ID: 0x38b     	标准帧 数据帧 DLC: 8	DATA(hex): 2B 46 16 10 00 28 11 00
2026-01-23 14:59:03.515 - INFO - [168021784800] CAN0 CANFD加速    	RX ID: 0x54d     	标准帧 数据帧 DLC: 8	DATA(hex): 4D 00 00 00 00 00 11 A1
2026-01-23 14:59:04.020 - INFO - [168022289000] CAN0 CANFD加速    	RX ID: 0x54d     	标准帧 数据帧 DLC: 8	DATA(hex): 4D 00 00 00 00 00 11 A1
2026-01-23 14:59:04.422 - INFO - [168022692400] CAN0 CANFD加速    	RX ID: 0x38b     	标准帧 数据帧 DLC: 8	DATA(hex): 2B 46 16 10 00 28 11 00
2026-01-23 14:59:04.525 - INFO - [168022793400] CAN0 CANFD加速    	RX ID: 0x54d     	标准帧 数据帧 DLC: 8	DATA(hex): 4D 00 00 00 00 00 11 A1
2026-01-23 14:59:05.031 - INFO - [168023297600] CAN0 CANFD加速    	RX ID: 0x54d     	标准帧 数据帧 DLC: 8	DATA(hex): 4D 00 00 00 00 00 11 A1
2026-01-23 14:59:05.430 - INFO - [168023701000] CAN0 CANFD加速    	RX ID: 0x38b     	标准帧 数据帧 DLC: 8	DATA(hex): 2B 46 16 10 00 28 11 00
2026-01-23 14:59:05.531 - INFO - [168023801900] CAN0 CANFD加速    	RX ID: 0x54d     	标准帧 数据帧 DLC: 8	DATA(hex): 4D 00 00 00 00 00 11 A1
2026-01-23 14:59:06.035 - INFO - [168024306200] CAN0 CANFD加速    	RX ID: 0x54d     	标准帧 数据帧 DLC: 8	DATA(hex): 4D 00 00 00 00 00 11 A1
2026-01-23 14:59:06.439 - INFO - [168024709600] CAN0 CANFD加速    	RX ID: 0x38b     	标准帧 数据帧 DLC: 8	DATA(hex): 2B 46 16 10 00 28 11 00
2026-01-23 14:59:06.542 - INFO - [168024810500] CAN0 CANFD加速    	RX ID: 0x54d     	标准帧 数据帧 DLC: 8	DATA(hex): 4D 00 00 00 00 00 11 A1
2026-01-23 14:59:07.044 - INFO - [168025314800] CAN0 CANFD加速    	RX ID: 0x54d     	标准帧 数据帧 DLC: 8	DATA(hex): 4D 00 00 00 00 00 11 A1
2026-01-23 14:59:07.448 - INFO - [168025718200] CAN0 CANFD加速    	RX ID: 0x38b     	标准帧 数据帧 DLC: 8	DATA(hex): 2B 46 16 10 00 28 11 00
2026-01-23 14:59:07.550 - INFO - [168025819100] CAN0 CANFD加速    	RX ID: 0x54d     	标准帧 数据帧 DLC: 8	DATA(hex): 4D 00 00 00 00 00 11 A1
2026-01-23 14:59:08.053 - INFO - [168026323300] CAN0 CANFD加速    	RX ID: 0x54d     	标准帧 数据帧 DLC: 8	DATA(hex): 4D 00 00 00 00 00 11 A1
2026-01-23 14:59:08.455 - INFO - [168026726700] CAN0 CANFD加速    	RX ID: 0x38b     	标准帧 数据帧 DLC: 8	DATA(hex): 2B 46 16 10 00 28 11 00
2026-01-23 14:59:08.557 - INFO - [168026827700] CAN0 CANFD加速    	RX ID: 0x54d     	标准帧 数据帧 DLC: 8	DATA(hex): 4D 00 00 00 00 00 11 A1
2026-01-23 14:59:09.064 - INFO - [168027331900] CAN0 CANFD加速    	RX ID: 0x54d     	标准帧 数据帧 DLC: 8	DATA(hex): 4D 00 00 00 00 00 11 A1
2026-01-23 14:59:09.469 - INFO - [168027735300] CAN0 CANFD加速    	RX ID: 0x38b     	标准帧 数据帧 DLC: 8	DATA(hex): 2B 46 16 10 00 28 11 00
2026-01-23 14:59:09.566 - INFO - [168027836200] CAN0 CANFD加速    	RX ID: 0x54d     	标准帧 数据帧 DLC: 8	DATA(hex): 4D 00 00 00 00 00 11 A1
2026-01-23 14:59:10.073 - INFO - [168028340500] CAN0 CANFD加速    	RX ID: 0x54d     	标准帧 数据帧 DLC: 8	DATA(hex): 4D 00 00 00 00 00 11 A1
2026-01-23 14:59:10.474 - INFO - [168028743900] CAN0 CANFD加速    	RX ID: 0x38b     	标准帧 数据帧 DLC: 8	DATA(hex): 2B 46 16 10 00 28 11 00
2026-01-23 14:59:10.574 - INFO - [168028844800] CAN0 CANFD加速    	RX ID: 0x54d     	标准帧 数据帧 DLC: 8	DATA(hex): 4D 00 00 00 00 00 11 A1
2026-01-23 14:59:11.083 - INFO - [168029349000] CAN0 CANFD加速    	RX ID: 0x54d     	标准帧 数据帧 DLC: 8	DATA(hex): 4D 00 00 00 00 00 11 A1
2026-01-23 14:59:11.484 - INFO - [168029752500] CAN0 CANFD加速    	RX ID: 0x38b     	标准帧 数据帧 DLC: 8	DATA(hex): 2B 46 16 10 00 28 11 00
2026-01-23 14:59:11.583 - INFO - [168029853400] CAN0 CANFD加速    	RX ID: 0x54d     	标准帧 数据帧 DLC: 8	DATA(hex): 4D 00 00 00 00 00 11 A1
2026-01-23 14:59:12.090 - INFO - [168030357600] CAN0 CANFD加速    	RX ID: 0x54d     	标准帧 数据帧 DLC: 8	DATA(hex): 4D 00 00 00 00 00 11 A1
2026-01-23 14:59:12.491 - INFO - [168030761000] CAN0 CANFD加速    	RX ID: 0x38b     	标准帧 数据帧 DLC: 8	DATA(hex): 2B 46 16 10 00 28 11 00
2026-01-23 14:59:12.593 - INFO - [168030861900] CAN0 CANFD加速    	RX ID: 0x54d     	标准帧 数据帧 DLC: 8	DATA(hex): 4D 00 00 00 00 00 11 A1
2026-01-23 14:59:13.098 - INFO - [168031366200] CAN0 CANFD加速    	RX ID: 0x54d     	标准帧 数据帧 DLC: 8	DATA(hex): 4D 00 00 00 00 00 11 A1
2026-01-23 14:59:13.500 - INFO - [168031769700] CAN0 CANFD加速    	RX ID: 0x38b     	标准帧 数据帧 DLC: 8	DATA(hex): 2B 46 16 10 00 28 11 00
2026-01-23 14:59:13.602 - INFO - [168031870500] CAN0 CANFD加速    	RX ID: 0x54d     	标准帧 数据帧 DLC: 8	DATA(hex): 4D 00 00 00 00 00 11 A1
2026-01-23 14:59:14.105 - INFO - [168032374800] CAN0 CANFD加速    	RX ID: 0x54d     	标准帧 数据帧 DLC: 8	DATA(hex): 4D 00 00 00 00 00 11 A1
2026-01-23 14:59:14.510 - INFO - [168032778200] CAN0 CANFD加速    	RX ID: 0x38b     	标准帧 数据帧 DLC: 8	DATA(hex): 2B 46 16 10 00 28 11 00
2026-01-23 14:59:14.609 - INFO - [168032879100] CAN0 CANFD加速    	RX ID: 0x54d     	标准帧 数据帧 DLC: 8	DATA(hex): 4D 00 00 00 00 00 11 A1
2026-01-23 14:59:15.112 - INFO - [168033383400] CAN0 CANFD加速    	RX ID: 0x54d     	标准帧 数据帧 DLC: 8	DATA(hex): 4D 00 00 00 00 00 11 A1
2026-01-23 14:59:15.516 - INFO - [168033786800] CAN0 CANFD加速    	RX ID: 0x38b     	标准帧 数据帧 DLC: 8	DATA(hex): 2B 46 16 10 00 28 11 00
2026-01-23 14:59:15.620 - INFO - [168033887600] CAN0 CANFD加速    	RX ID: 0x54d     	标准帧 数据帧 DLC: 8	DATA(hex): 4D 00 00 00 00 00 11 A1
2026-01-23 14:59:16.123 - INFO - [168034391900] CAN0 CANFD加速    	RX ID: 0x54d     	标准帧 数据帧 DLC: 8	DATA(hex): 4D 00 00 00 00 00 11 A1
2026-01-23 14:59:16.526 - INFO - [168034795400] CAN0 CANFD加速    	RX ID: 0x38b     	标准帧 数据帧 DLC: 8	DATA(hex): 2B 46 16 10 00 28 11 00
2026-01-23 14:59:16.629 - INFO - [168034896300] CAN0 CANFD加速    	RX ID: 0x54d     	标准帧 数据帧 DLC: 8	DATA(hex): 4D 00 00 00 00 00 11 A1
2026-01-23 14:59:17.131 - INFO - [168035400500] CAN0 CANFD加速    	RX ID: 0x54d     	标准帧 数据帧 DLC: 8	DATA(hex): 4D 00 00 00 00 00 11 A1
2026-01-23 14:59:17.535 - INFO - [168035803900] CAN0 CANFD加速    	RX ID: 0x38b     	标准帧 数据帧 DLC: 8	DATA(hex): 2B 46 16 10 00 28 11 00
2026-01-23 14:59:17.636 - INFO - [168035904800] CAN0 CANFD加速    	RX ID: 0x54d     	标准帧 数据帧 DLC: 8	DATA(hex): 4D 00 00 00 00 00 11 A1
2026-01-23 14:59:18.142 - INFO - [168036409100] CAN0 CANFD加速    	RX ID: 0x54d     	标准帧 数据帧 DLC: 8	DATA(hex): 4D 00 00 00 00 00 11 A1
2026-01-23 14:59:18.546 - INFO - [168036812600] CAN0 CANFD加速    	RX ID: 0x38b     	标准帧 数据帧 DLC: 8	DATA(hex): 2B 46 16 10 00 28 11 00
2026-01-23 14:59:18.643 - INFO - [168036913400] CAN0 CANFD加速    	RX ID: 0x54d     	标准帧 数据帧 DLC: 8	DATA(hex): 4D 00 00 00 00 00 11 A1
2026-01-23 14:59:19.147 - INFO - [168037417700] CAN0 CANFD加速    	RX ID: 0x54d     	标准帧 数据帧 DLC: 8	DATA(hex): 4D 00 00 00 00 00 11 A1
2026-01-23 14:59:19.553 - INFO - [168037821200] CAN0 CANFD加速    	RX ID: 0x38b     	标准帧 数据帧 DLC: 8	DATA(hex): 2B 46 16 10 00 28 11 00
2026-01-23 14:59:19.655 - INFO - [168037922000] CAN0 CANFD加速    	RX ID: 0x54d     	标准帧 数据帧 DLC: 8	DATA(hex): 4D 00 00 00 00 00 11 A1
2026-01-23 14:59:20.160 - INFO - [168038426300] CAN0 CANFD加速    	RX ID: 0x54d     	标准帧 数据帧 DLC: 8	DATA(hex): 4D 00 00 00 00 00 11 A1
2026-01-23 14:59:20.560 - INFO - [168038829800] CAN0 CANFD加速    	RX ID: 0x38b     	标准帧 数据帧 DLC: 8	DATA(hex): 2B 46 16 10 00 28 11 00
2026-01-23 14:59:20.664 - INFO - [168038930600] CAN0 CANFD加速    	RX ID: 0x54d     	标准帧 数据帧 DLC: 8	DATA(hex): 4D 00 00 00 00 00 11 A1
2026-01-23 14:59:21.165 - INFO - [168039434900] CAN0 CANFD加速    	RX ID: 0x54d     	标准帧 数据帧 DLC: 8	DATA(hex): 4D 00 00 00 00 00 11 A1
2026-01-23 14:59:21.572 - INFO - [168039838400] CAN0 CANFD加速    	RX ID: 0x38b     	标准帧 数据帧 DLC: 8	DATA(hex): 2B 46 16 10 00 28 11 00
2026-01-23 14:59:21.670 - INFO - [168039939200] CAN0 CANFD加速    	RX ID: 0x54d     	标准帧 数据帧 DLC: 8	DATA(hex): 4D 00 00 00 00 00 11 A1
2026-01-23 14:59:22.177 - INFO - [168040443500] CAN0 CANFD加速    	RX ID: 0x54d     	标准帧 数据帧 DLC: 8	DATA(hex): 4D 00 00 00 00 00 11 A1
2026-01-23 14:59:22.577 - INFO - [168040846900] CAN0 CANFD加速    	RX ID: 0x38b     	标准帧 数据帧 DLC: 8	DATA(hex): 2B 46 16 10 00 28 11 00
2026-01-23 14:59:22.680 - INFO - [168040947800] CAN0 CANFD加速    	RX ID: 0x54d     	标准帧 数据帧 DLC: 8	DATA(hex): 4D 00 00 00 00 00 11 A1
2026-01-23 14:59:23.183 - INFO - [168041452100] CAN0 CANFD加速    	RX ID: 0x54d     	标准帧 数据帧 DLC: 8	DATA(hex): 4D 00 00 00 00 00 11 A1
2026-01-23 14:59:23.586 - INFO - [168041855500] CAN0 CANFD加速    	RX ID: 0x38b     	标准帧 数据帧 DLC: 8	DATA(hex): 2B 46 16 10 00 28 11 00
2026-01-23 14:59:23.690 - INFO - [168041956400] CAN0 CANFD加速    	RX ID: 0x54d     	标准帧 数据帧 DLC: 8	DATA(hex): 4D 00 00 00 00 00 11 A1
2026-01-23 14:59:24.196 - INFO - [168042460700] CAN0 CANFD加速    	RX ID: 0x54d     	标准帧 数据帧 DLC: 8	DATA(hex): 4D 00 00 00 00 00 11 A1
2026-01-23 14:59:24.594 - INFO - [168042864100] CAN0 CANFD加速    	RX ID: 0x38b     	标准帧 数据帧 DLC: 8	DATA(hex): 2B 46 16 10 00 28 11 00
2026-01-23 14:59:24.695 - INFO - [168042965000] CAN0 CANFD加速    	RX ID: 0x54d     	标准帧 数据帧 DLC: 8	DATA(hex): 4D 00 00 00 00 00 11 A1
2026-01-23 14:59:25.200 - INFO - [168043469200] CAN0 CANFD加速    	RX ID: 0x54d     	标准帧 数据帧 DLC: 8	DATA(hex): 4D 00 00 00 00 00 11 A1
2026-01-23 14:59:25.608 - INFO - [168043872700] CAN0 CANFD加速    	RX ID: 0x38b     	标准帧 数据帧 DLC: 8	DATA(hex): 2B 46 16 10 00 28 11 00
2026-01-23 14:59:25.705 - INFO - [168043973600] CAN0 CANFD加速    	RX ID: 0x54d     	标准帧 数据帧 DLC: 8	DATA(hex): 4D 00 00 00 00 00 11 A1
2026-01-23 14:59:26.212 - INFO - [168044477800] CAN0 CANFD加速    	RX ID: 0x54d     	标准帧 数据帧 DLC: 8	DATA(hex): 4D 00 00 00 00 00 11 A1
2026-01-23 14:59:26.612 - INFO - [168044881300] CAN0 CANFD加速    	RX ID: 0x38b     	标准帧 数据帧 DLC: 8	DATA(hex): 2B 46 16 10 00 28 11 00
2026-01-23 14:59:26.715 - INFO - [168044982100] CAN0 CANFD加速    	RX ID: 0x54d     	标准帧 数据帧 DLC: 8	DATA(hex): 4D 00 00 00 00 00 11 A1
2026-01-23 14:59:27.221 - INFO - [168045486400] CAN0 CANFD加速    	RX ID: 0x54d     	标准帧 数据帧 DLC: 8	DATA(hex): 4D 00 00 00 00 00 11 A1
2026-01-23 14:59:27.622 - INFO - [168045889800] CAN0 CANFD加速    	RX ID: 0x38b     	标准帧 数据帧 DLC: 8	DATA(hex): 2B 46 16 10 00 28 11 00
2026-01-23 14:59:27.722 - INFO - [168045990700] CAN0 CANFD加速    	RX ID: 0x54d     	标准帧 数据帧 DLC: 8	DATA(hex): 4D 00 00 00 00 00 11 A1
2026-01-23 14:59:28.227 - INFO - [168046495000] CAN0 CANFD加速    	RX ID: 0x54d     	标准帧 数据帧 DLC: 8	DATA(hex): 4D 00 00 00 00 00 11 A1
2026-01-23 14:59:28.632 - INFO - [168046898400] CAN0 CANFD加速    	RX ID: 0x38b     	标准帧 数据帧 DLC: 8	DATA(hex): 2B 46 16 10 00 28 11 00
2026-01-23 14:59:28.730 - INFO - [168046999300] CAN0 CANFD加速    	RX ID: 0x54d     	标准帧 数据帧 DLC: 8	DATA(hex): 4D 00 00 00 00 00 11 A1
2026-01-23 14:59:29.237 - INFO - [168047503500] CAN0 CANFD加速    	RX ID: 0x54d     	标准帧 数据帧 DLC: 8	DATA(hex): 4D 00 00 00 00 00 11 A1
2026-01-23 14:59:29.642 - INFO - [168047907100] CAN0 CANFD加速    	RX ID: 0x38b     	标准帧 数据帧 DLC: 8	DATA(hex): 2B 46 16 10 00 28 11 00
2026-01-23 14:59:29.738 - INFO - [168048007900] CAN0 CANFD加速    	RX ID: 0x54d     	标准帧 数据帧 DLC: 8	DATA(hex): 4D 00 00 00 00 00 11 A1
2026-01-23 14:59:30.244 - INFO - [168048512100] CAN0 CANFD加速    	RX ID: 0x54d     	标准帧 数据帧 DLC: 8	DATA(hex): 4D 00 00 00 00 00 11 A1
2026-01-23 14:59:30.646 - INFO - [168048915600] CAN0 CANFD加速    	RX ID: 0x38b     	标准帧 数据帧 DLC: 8	DATA(hex): 2B 46 16 10 00 28 11 00
2026-01-23 14:59:30.749 - INFO - [168049016400] CAN0 CANFD加速    	RX ID: 0x54d     	标准帧 数据帧 DLC: 8	DATA(hex): 4D 00 00 00 00 00 11 A1
2026-01-23 14:59:31.255 - INFO - [168049520700] CAN0 CANFD加速    	RX ID: 0x54d     	标准帧 数据帧 DLC: 8	DATA(hex): 4D 00 00 00 00 00 11 A1
2026-01-23 14:59:31.659 - INFO - [168049924100] CAN0 CANFD加速    	RX ID: 0x38b     	标准帧 数据帧 DLC: 8	DATA(hex): 2B 46 16 10 00 28 11 00
2026-01-23 14:59:31.759 - INFO - [168050025000] CAN0 CANFD加速    	RX ID: 0x54d     	标准帧 数据帧 DLC: 8	DATA(hex): 4D 00 00 00 00 00 11 A1
2026-01-23 14:59:32.263 - INFO - [168050529300] CAN0 CANFD加速    	RX ID: 0x54d     	标准帧 数据帧 DLC: 8	DATA(hex): 4D 00 00 00 00 00 11 A1
2026-01-23 14:59:32.664 - INFO - [168050932700] CAN0 CANFD加速    	RX ID: 0x38b     	标准帧 数据帧 DLC: 8	DATA(hex): 2B 46 16 10 00 28 11 00
2026-01-23 14:59:32.769 - INFO - [168051033600] CAN0 CANFD加速    	RX ID: 0x54d     	标准帧 数据帧 DLC: 8	DATA(hex): 4D 00 00 00 00 00 11 A1
2026-01-23 14:59:33.271 - INFO - [168051537800] CAN0 CANFD加速    	RX ID: 0x54d     	标准帧 数据帧 DLC: 8	DATA(hex): 4D 00 00 00 00 00 11 A1
2026-01-23 14:59:33.674 - INFO - [168051941300] CAN0 CANFD加速    	RX ID: 0x38b     	标准帧 数据帧 DLC: 8	DATA(hex): 2B 46 16 10 00 28 11 00
2026-01-23 14:59:33.775 - INFO - [168052042100] CAN0 CANFD加速    	RX ID: 0x54d     	标准帧 数据帧 DLC: 8	DATA(hex): 4D 00 00 00 00 00 11 A1
2026-01-23 14:59:34.281 - INFO - [168052546400] CAN0 CANFD加速    	RX ID: 0x54d     	标准帧 数据帧 DLC: 8	DATA(hex): 4D 00 00 00 00 00 11 A1
2026-01-23 14:59:34.684 - INFO - [168052949800] CAN0 CANFD加速    	RX ID: 0x38b     	标准帧 数据帧 DLC: 8	DATA(hex): 2B 46 16 10 00 28 11 00
2026-01-23 14:59:34.782 - INFO - [168053051100] CAN0 CANFD加速    	RX ID: 0x54d     	标准帧 数据帧 DLC: 8	DATA(hex): 4D 00 00 00 00 00 11 A1
2026-01-23 14:59:35.290 - INFO - [168053555000] CAN0 CANFD加速    	RX ID: 0x54d     	标准帧 数据帧 DLC: 8	DATA(hex): 4D 00 00 00 00 00 11 A1
2026-01-23 14:59:35.691 - INFO - [168053958400] CAN0 CANFD加速    	RX ID: 0x38b     	标准帧 数据帧 DLC: 8	DATA(hex): 2B 46 16 10 00 28 11 00
2026-01-23 14:59:35.794 - INFO - [168054059300] CAN0 CANFD加速    	RX ID: 0x54d     	标准帧 数据帧 DLC: 8	DATA(hex): 4D 00 00 00 00 00 11 A1
2026-01-23 14:59:36.298 - INFO - [168054563700] CAN0 CANFD加速    	RX ID: 0x54d     	标准帧 数据帧 DLC: 8	DATA(hex): 4D 00 00 00 00 00 11 A1
2026-01-23 14:59:36.698 - INFO - [168054967000] CAN0 CANFD加速    	RX ID: 0x38b     	标准帧 数据帧 DLC: 8	DATA(hex): 2B 46 16 10 00 28 11 00
2026-01-23 14:59:36.802 - INFO - [168055067800] CAN0 CANFD加速    	RX ID: 0x54d     	标准帧 数据帧 DLC: 8	DATA(hex): 4D 00 00 00 00 00 11 A1
2026-01-23 14:59:37.303 - INFO - [168055572100] CAN0 CANFD加速    	RX ID: 0x54d     	标准帧 数据帧 DLC: 8	DATA(hex): 4D 00 00 00 00 00 11 A1
2026-01-23 14:59:37.711 - INFO - [168055975600] CAN0 CANFD加速    	RX ID: 0x38b     	标准帧 数据帧 DLC: 8	DATA(hex): 2B 46 16 10 00 28 11 00
2026-01-23 14:59:37.809 - INFO - [168056076500] CAN0 CANFD加速    	RX ID: 0x54d     	标准帧 数据帧 DLC: 8	DATA(hex): 4D 00 00 00 00 00 11 A1
2026-01-23 14:59:38.312 - INFO - [168056580800] CAN0 CANFD加速    	RX ID: 0x54d     	标准帧 数据帧 DLC: 8	DATA(hex): 4D 00 00 00 00 00 11 A1
2026-01-23 14:59:38.719 - INFO - [168056984100] CAN0 CANFD加速    	RX ID: 0x38b     	标准帧 数据帧 DLC: 8	DATA(hex): 2B 46 16 10 00 28 11 00
2026-01-23 14:59:38.820 - INFO - [168057085000] CAN0 CANFD加速    	RX ID: 0x54d     	标准帧 数据帧 DLC: 8	DATA(hex): 4D 00 00 00 00 00 11 A1
2026-01-23 14:59:39.324 - INFO - [168057589300] CAN0 CANFD加速    	RX ID: 0x54d     	标准帧 数据帧 DLC: 8	DATA(hex): 4D 00 00 00 00 00 11 A1
2026-01-23 14:59:39.728 - INFO - [168057992800] CAN0 CANFD加速    	RX ID: 0x38b     	标准帧 数据帧 DLC: 8	DATA(hex): 2B 46 16 10 00 28 11 00
2026-01-23 14:59:39.829 - INFO - [168058093600] CAN0 CANFD加速    	RX ID: 0x54d     	标准帧 数据帧 DLC: 8	DATA(hex): 4D 00 00 00 00 00 11 A1
2026-01-23 14:59:40.332 - INFO - [168058597900] CAN0 CANFD加速    	RX ID: 0x54d     	标准帧 数据帧 DLC: 8	DATA(hex): 4D 00 00 00 00 00 11 A1
2026-01-23 14:59:40.733 - INFO - [168059001400] CAN0 CANFD加速    	RX ID: 0x38b     	标准帧 数据帧 DLC: 8	DATA(hex): 2B 46 16 10 00 28 11 00
2026-01-23 14:59:40.834 - INFO - [168059102200] CAN0 CANFD加速    	RX ID: 0x54d     	标准帧 数据帧 DLC: 8	DATA(hex): 4D 00 00 00 00 00 11 A1
2026-01-23 14:59:41.339 - INFO - [168059606500] CAN0 CANFD加速    	RX ID: 0x54d     	标准帧 数据帧 DLC: 8	DATA(hex): 4D 00 00 00 00 00 11 A1
2026-01-23 14:59:41.743 - INFO - [168060009900] CAN0 CANFD加速    	RX ID: 0x38b     	标准帧 数据帧 DLC: 8	DATA(hex): 2B 46 16 10 00 28 11 00
2026-01-23 14:59:41.844 - INFO - [168060110800] CAN0 CANFD加速    	RX ID: 0x54d     	标准帧 数据帧 DLC: 8	DATA(hex): 4D 00 00 00 00 00 11 A1
2026-01-23 14:59:42.346 - INFO - [168060615100] CAN0 CANFD加速    	RX ID: 0x54d     	标准帧 数据帧 DLC: 8	DATA(hex): 4D 00 00 00 00 00 11 A1
2026-01-23 14:59:42.750 - INFO - [168061018500] CAN0 CANFD加速    	RX ID: 0x38b     	标准帧 数据帧 DLC: 8	DATA(hex): 2B 46 16 10 00 28 11 00
2026-01-23 14:59:42.854 - INFO - [168061119300] CAN0 CANFD加速    	RX ID: 0x54d     	标准帧 数据帧 DLC: 8	DATA(hex): 4D 00 00 00 00 00 11 A1
2026-01-23 14:59:43.354 - INFO - [168061623700] CAN0 CANFD加速    	RX ID: 0x54d     	标准帧 数据帧 DLC: 8	DATA(hex): 4D 00 00 00 00 00 11 A1
2026-01-23 14:59:43.762 - INFO - [168062027000] CAN0 CANFD加速    	RX ID: 0x38b     	标准帧 数据帧 DLC: 8	DATA(hex): 2B 46 16 10 00 28 11 00
2026-01-23 14:59:43.860 - INFO - [168062127900] CAN0 CANFD加速    	RX ID: 0x54d     	标准帧 数据帧 DLC: 8	DATA(hex): 4D 00 00 00 00 00 11 A1
2026-01-23 14:59:44.366 - INFO - [168062632200] CAN0 CANFD加速    	RX ID: 0x54d     	标准帧 数据帧 DLC: 8	DATA(hex): 4D 00 00 00 00 00 11 A1
2026-01-23 14:59:44.770 - INFO - [168063035700] CAN0 CANFD加速    	RX ID: 0x38b     	标准帧 数据帧 DLC: 8	DATA(hex): 2B 46 16 10 00 28 11 00
2026-01-23 14:59:44.868 - INFO - [168063136500] CAN0 CANFD加速    	RX ID: 0x54d     	标准帧 数据帧 DLC: 8	DATA(hex): 4D 00 00 00 00 00 11 A1
2026-01-23 14:59:45.376 - INFO - [168063640800] CAN0 CANFD加速    	RX ID: 0x54d     	标准帧 数据帧 DLC: 8	DATA(hex): 4D 00 00 00 00 00 11 A1
2026-01-23 14:59:45.776 - INFO - [168064044200] CAN0 CANFD加速    	RX ID: 0x38b     	标准帧 数据帧 DLC: 8	DATA(hex): 2B 46 16 10 00 28 11 00
2026-01-23 14:59:45.879 - INFO - [168064145000] CAN0 CANFD加速    	RX ID: 0x54d     	标准帧 数据帧 DLC: 8	DATA(hex): 4D 00 00 00 00 00 11 A1
2026-01-23 14:59:46.381 - INFO - [168064649300] CAN0 CANFD加速    	RX ID: 0x54d     	标准帧 数据帧 DLC: 8	DATA(hex): 4D 00 00 00 00 00 11 A1
2026-01-23 14:59:46.787 - INFO - [168065052800] CAN0 CANFD加速    	RX ID: 0x38b     	标准帧 数据帧 DLC: 8	DATA(hex): 2B 46 16 10 00 28 11 00
2026-01-23 14:59:46.886 - INFO - [168065153600] CAN0 CANFD加速    	RX ID: 0x54d     	标准帧 数据帧 DLC: 8	DATA(hex): 4D 00 00 00 00 00 11 A1
2026-01-23 14:59:47.390 - INFO - [168065657900] CAN0 CANFD加速    	RX ID: 0x54d     	标准帧 数据帧 DLC: 8	DATA(hex): 4D 00 00 00 00 00 11 A1
2026-01-23 14:59:47.794 - INFO - [168066061300] CAN0 CANFD加速    	RX ID: 0x38b     	标准帧 数据帧 DLC: 8	DATA(hex): 2B 46 16 10 00 28 11 00
2026-01-23 14:59:47.893 - INFO - [168066162300] CAN0 CANFD加速    	RX ID: 0x54d     	标准帧 数据帧 DLC: 8	DATA(hex): 4D 00 00 00 00 00 11 A1
2026-01-23 14:59:48.398 - INFO - [168066666500] CAN0 CANFD加速    	RX ID: 0x54d     	标准帧 数据帧 DLC: 8	DATA(hex): 4D 00 00 00 00 00 11 A1
2026-01-23 14:59:48.806 - INFO - [168067069900] CAN0 CANFD加速    	RX ID: 0x38b     	标准帧 数据帧 DLC: 8	DATA(hex): 2B 46 16 10 00 28 11 00
2026-01-23 14:59:48.903 - INFO - [168067170700] CAN0 CANFD加速    	RX ID: 0x54d     	标准帧 数据帧 DLC: 8	DATA(hex): 4D 00 00 00 00 00 11 A1
2026-01-23 14:59:49.411 - INFO - [168067675000] CAN0 CANFD加速    	RX ID: 0x54d     	标准帧 数据帧 DLC: 8	DATA(hex): 4D 00 00 00 00 00 11 A1
2026-01-23 14:59:49.810 - INFO - [168068078400] CAN0 CANFD加速    	RX ID: 0x38b     	标准帧 数据帧 DLC: 8	DATA(hex): 2B 46 16 10 00 28 11 00
2026-01-23 14:59:49.913 - INFO - [168068179300] CAN0 CANFD加速    	RX ID: 0x54d     	标准帧 数据帧 DLC: 8	DATA(hex): 4D 00 00 00 00 00 11 A1
2026-01-23 14:59:50.420 - INFO - [168068683600] CAN0 CANFD加速    	RX ID: 0x54d     	标准帧 数据帧 DLC: 8	DATA(hex): 4D 00 00 00 00 00 11 A1
2026-01-23 14:59:50.821 - INFO - [168069087000] CAN0 CANFD加速    	RX ID: 0x38b     	标准帧 数据帧 DLC: 8	DATA(hex): 2B 46 16 10 00 28 11 00
2026-01-23 14:59:50.920 - INFO - [168069187800] CAN0 CANFD加速    	RX ID: 0x54d     	标准帧 数据帧 DLC: 8	DATA(hex): 4D 00 00 00 00 00 11 A1
2026-01-23 14:59:51.428 - INFO - [168069692100] CAN0 CANFD加速    	RX ID: 0x54d     	标准帧 数据帧 DLC: 8	DATA(hex): 4D 00 00 00 00 00 11 A1
2026-01-23 14:59:51.828 - INFO - [168070095500] CAN0 CANFD加速    	RX ID: 0x38b     	标准帧 数据帧 DLC: 8	DATA(hex): 2B 46 16 10 00 28 11 00
2026-01-23 14:59:51.931 - INFO - [168070196400] CAN0 CANFD加速    	RX ID: 0x54d     	标准帧 数据帧 DLC: 8	DATA(hex): 4D 00 00 00 00 00 11 A1
2026-01-23 14:59:52.436 - INFO - [168070700700] CAN0 CANFD加速    	RX ID: 0x54d     	标准帧 数据帧 DLC: 8	DATA(hex): 4D 00 00 00 00 00 11 A1
2026-01-23 14:59:52.836 - INFO - [168071104200] CAN0 CANFD加速    	RX ID: 0x38b     	标准帧 数据帧 DLC: 8	DATA(hex): 2B 46 16 10 00 28 11 00
2026-01-23 14:59:52.939 - INFO - [168071205000] CAN0 CANFD加速    	RX ID: 0x54d     	标准帧 数据帧 DLC: 8	DATA(hex): 4D 00 00 00 00 00 11 A1
2026-01-23 14:59:53.444 - INFO - [168071709300] CAN0 CANFD加速    	RX ID: 0x54d     	标准帧 数据帧 DLC: 8	DATA(hex): 4D 00 00 00 00 00 11 A1
2026-01-23 14:59:53.847 - INFO - [168072112700] CAN0 CANFD加速    	RX ID: 0x38b     	标准帧 数据帧 DLC: 8	DATA(hex): 2B 46 16 10 00 28 11 00
2026-01-23 14:59:53.947 - INFO - [168072213600] CAN0 CANFD加速    	RX ID: 0x54d     	标准帧 数据帧 DLC: 8	DATA(hex): 4D 00 00 00 00 00 11 A1
2026-01-23 14:59:54.449 - INFO - [168072717800] CAN0 CANFD加速    	RX ID: 0x54d     	标准帧 数据帧 DLC: 8	DATA(hex): 4D 00 00 00 00 00 11 A1
2026-01-23 14:59:54.855 - INFO - [168073121300] CAN0 CANFD加速    	RX ID: 0x38b     	标准帧 数据帧 DLC: 8	DATA(hex): 2B 46 16 10 00 28 11 00
2026-01-23 14:59:54.957 - INFO - [168073222200] CAN0 CANFD加速    	RX ID: 0x54d     	标准帧 数据帧 DLC: 8	DATA(hex): 4D 00 00 00 00 00 11 A1
2026-01-23 14:59:55.459 - INFO - [168073726400] CAN0 CANFD加速    	RX ID: 0x54d     	标准帧 数据帧 DLC: 8	DATA(hex): 4D 00 00 00 00 00 11 A1
2026-01-23 14:59:55.864 - INFO - [168074129800] CAN0 CANFD加速    	RX ID: 0x38b     	标准帧 数据帧 DLC: 8	DATA(hex): 2B 46 16 10 00 28 11 00
2026-01-23 14:59:55.963 - INFO - [168074230700] CAN0 CANFD加速    	RX ID: 0x54d     	标准帧 数据帧 DLC: 8	DATA(hex): 4D 00 00 00 00 00 11 A1
2026-01-23 14:59:56.471 - INFO - [168074735000] CAN0 CANFD加速    	RX ID: 0x54d     	标准帧 数据帧 DLC: 8	DATA(hex): 4D 00 00 00 00 00 11 A1
2026-01-23 14:59:56.874 - INFO - [168075138400] CAN0 CANFD加速    	RX ID: 0x38b     	标准帧 数据帧 DLC: 8	DATA(hex): 2B 46 16 10 00 28 11 00
2026-01-23 14:59:56.971 - INFO - [168075239300] CAN0 CANFD加速    	RX ID: 0x54d     	标准帧 数据帧 DLC: 8	DATA(hex): 4D 00 00 00 00 00 11 A1
2026-01-23 14:59:57.480 - INFO - [168075743600] CAN0 CANFD加速    	RX ID: 0x54d     	标准帧 数据帧 DLC: 8	DATA(hex): 4D 00 00 00 00 00 11 A1
2026-01-23 14:59:57.880 - INFO - [168076147000] CAN0 CANFD加速    	RX ID: 0x38b     	标准帧 数据帧 DLC: 8	DATA(hex): 2B 46 16 10 00 28 11 00
2026-01-23 14:59:57.983 - INFO - [168076247800] CAN0 CANFD加速    	RX ID: 0x54d     	标准帧 数据帧 DLC: 8	DATA(hex): 4D 00 00 00 00 00 11 A1
2026-01-23 14:59:58.486 - INFO - [168076752100] CAN0 CANFD加速    	RX ID: 0x54d     	标准帧 数据帧 DLC: 8	DATA(hex): 4D 00 00 00 00 00 11 A1
2026-01-23 14:59:58.891 - INFO - [168077155600] CAN0 CANFD加速    	RX ID: 0x38b     	标准帧 数据帧 DLC: 8	DATA(hex): 2B 46 16 10 00 28 11 00
2026-01-23 14:59:58.991 - INFO - [168077256400] CAN0 CANFD加速    	RX ID: 0x54d     	标准帧 数据帧 DLC: 8	DATA(hex): 4D 00 00 00 00 00 11 A1
2026-01-23 14:59:59.495 - INFO - [168077760700] CAN0 CANFD加速    	RX ID: 0x54d     	标准帧 数据帧 DLC: 8	DATA(hex): 4D 00 00 00 00 00 11 A1
2026-01-23 14:59:59.899 - INFO - [168078164100] CAN0 CANFD加速    	RX ID: 0x38b     	标准帧 数据帧 DLC: 8	DATA(hex): 2B 46 16 10 00 28 11 00
2026-01-23 15:00:00.001 - INFO - [168078265000] CAN0 CANFD加速    	RX ID: 0x54d     	标准帧 数据帧 DLC: 8	DATA(hex): 4D 00 00 00 00 00 11 A1
2026-01-23 15:00:00.501 - INFO - [168078769300] CAN0 CANFD加速    	RX ID: 0x54d     	标准帧 数据帧 DLC: 8	DATA(hex): 4D 00 00 00 00 00 11 A1
2026-01-23 15:00:00.906 - INFO - [168079172700] CAN0 CANFD加速    	RX ID: 0x38b     	标准帧 数据帧 DLC: 8	DATA(hex): 2B 46 16 10 00 28 11 00
2026-01-23 15:00:01.007 - INFO - [168079273500] CAN0 CANFD加速    	RX ID: 0x54d     	标准帧 数据帧 DLC: 8	DATA(hex): 4D 00 00 00 00 00 11 A1
2026-01-23 15:00:01.513 - INFO - [168079777800] CAN0 CANFD加速    	RX ID: 0x54d     	标准帧 数据帧 DLC: 8	DATA(hex): 4D 00 00 00 00 00 11 A1
2026-01-23 15:00:01.913 - INFO - [168080181200] CAN0 CANFD加速    	RX ID: 0x38b     	标准帧 数据帧 DLC: 8	DATA(hex): 2B 46 16 10 00 28 11 00
2026-01-23 15:00:02.013 - INFO - [168080282100] CAN0 CANFD加速    	RX ID: 0x54d     	标准帧 数据帧 DLC: 8	DATA(hex): 4D 00 00 00 00 00 11 A1
2026-01-23 15:00:02.521 - INFO - [168080786400] CAN0 CANFD加速    	RX ID: 0x54d     	标准帧 数据帧 DLC: 8	DATA(hex): 4D 00 00 00 00 00 11 A1
2026-01-23 15:00:02.926 - INFO - [168081190000] CAN0 CANFD加速    	RX ID: 0x38b     	标准帧 数据帧 DLC: 8	DATA(hex): 2B 46 16 10 00 28 11 00
2026-01-23 15:00:03.025 - INFO - [168081290700] CAN0 CANFD加速    	RX ID: 0x54d     	标准帧 数据帧 DLC: 8	DATA(hex): 4D 00 00 00 00 00 11 A1
2026-01-23 15:00:03.529 - INFO - [168081795000] CAN0 CANFD加速    	RX ID: 0x54d     	标准帧 数据帧 DLC: 8	DATA(hex): 4D 00 00 00 00 00 11 A1
2026-01-23 15:00:03.935 - INFO - [168082198400] CAN0 CANFD加速    	RX ID: 0x38b     	标准帧 数据帧 DLC: 8	DATA(hex): 2B 46 16 10 00 28 11 00
2026-01-23 15:00:04.036 - INFO - [168082299300] CAN0 CANFD加速    	RX ID: 0x54d     	标准帧 数据帧 DLC: 8	DATA(hex): 4D 00 00 00 00 00 11 A1
2026-01-23 15:00:04.537 - INFO - [168082803600] CAN0 CANFD加速    	RX ID: 0x54d     	标准帧 数据帧 DLC: 8	DATA(hex): 4D 00 00 00 00 00 11 A1
2026-01-23 15:00:04.943 - INFO - [168083207000] CAN0 CANFD加速    	RX ID: 0x38b     	标准帧 数据帧 DLC: 8	DATA(hex): 2B 46 16 10 00 28 11 00
2026-01-23 15:00:05.043 - INFO - [168083307900] CAN0 CANFD加速    	RX ID: 0x54d     	标准帧 数据帧 DLC: 8	DATA(hex): 4D 00 00 00 00 00 11 A1
2026-01-23 15:00:05.549 - INFO - [168083812200] CAN0 CANFD加速    	RX ID: 0x54d     	标准帧 数据帧 DLC: 8	DATA(hex): 4D 00 00 00 00 00 11 A1
2026-01-23 15:00:05.949 - INFO - [168084215500] CAN0 CANFD加速    	RX ID: 0x38b     	标准帧 数据帧 DLC: 8	DATA(hex): 2B 46 16 10 00 28 11 00
2026-01-23 15:00:06.050 - INFO - [168084316400] CAN0 CANFD加速    	RX ID: 0x54d     	标准帧 数据帧 DLC: 8	DATA(hex): 4D 00 00 00 00 00 11 A1
2026-01-23 15:00:06.553 - INFO - [168084820700] CAN0 CANFD加速    	RX ID: 0x54d     	标准帧 数据帧 DLC: 8	DATA(hex): 4D 00 00 00 00 00 11 A1
2026-01-23 15:00:06.956 - INFO - [168085224100] CAN0 CANFD加速    	RX ID: 0x38b     	标准帧 数据帧 DLC: 8	DATA(hex): 2B 46 16 10 00 28 11 00
2026-01-23 15:00:07.061 - INFO - [168085325000] CAN0 CANFD加速    	RX ID: 0x54d     	标准帧 数据帧 DLC: 8	DATA(hex): 4D 00 00 00 00 00 11 A1
2026-01-23 15:00:07.565 - INFO - [168085829300] CAN0 CANFD加速    	RX ID: 0x54d     	标准帧 数据帧 DLC: 8	DATA(hex): 4D 00 00 00 00 00 11 A1
2026-01-23 15:00:07.970 - INFO - [168086232700] CAN0 CANFD加速    	RX ID: 0x38b     	标准帧 数据帧 DLC: 8	DATA(hex): 2B 46 16 10 00 28 11 00
2026-01-23 15:00:08.069 - INFO - [168086333600] CAN0 CANFD加速    	RX ID: 0x54d     	标准帧 数据帧 DLC: 8	DATA(hex): 4D 00 00 00 00 00 11 A1
2026-01-23 15:00:08.571 - INFO - [168086837800] CAN0 CANFD加速    	RX ID: 0x54d     	标准帧 数据帧 DLC: 8	DATA(hex): 4D 00 00 00 00 00 11 A1
2026-01-23 15:00:08.977 - INFO - [168087241200] CAN0 CANFD加速    	RX ID: 0x38b     	标准帧 数据帧 DLC: 8	DATA(hex): 2B 46 16 10 00 28 11 00
2026-01-23 15:00:09.076 - INFO - [168087342100] CAN0 CANFD加速    	RX ID: 0x54d     	标准帧 数据帧 DLC: 8	DATA(hex): 4D 00 00 00 00 00 11 A1
2026-01-23 15:00:09.581 - INFO - [168087846600] CAN0 CANFD加速    	RX ID: 0x54d     	标准帧 数据帧 DLC: 8	DATA(hex): 4D 00 00 00 00 00 11 A1
2026-01-23 15:00:09.986 - INFO - [168088249800] CAN0 CANFD加速    	RX ID: 0x38b     	标准帧 数据帧 DLC: 8	DATA(hex): 2B 46 16 10 00 28 11 00
2026-01-23 15:00:10.088 - INFO - [168088350700] CAN0 CANFD加速    	RX ID: 0x54d     	标准帧 数据帧 DLC: 8	DATA(hex): 4D 00 00 00 00 00 11 A1
2026-01-23 15:00:10.589 - INFO - [168088855000] CAN0 CANFD加速    	RX ID: 0x54d     	标准帧 数据帧 DLC: 8	DATA(hex): 4D 00 00 00 00 00 11 A1
2026-01-23 15:00:10.993 - INFO - [168089258400] CAN0 CANFD加速    	RX ID: 0x38b     	标准帧 数据帧 DLC: 8	DATA(hex): 2B 46 16 10 00 28 11 00
2026-01-23 15:00:11.093 - INFO - [168089359300] CAN0 CANFD加速    	RX ID: 0x54d     	标准帧 数据帧 DLC: 8	DATA(hex): 4D 00 00 00 00 00 11 A1
2026-01-23 15:00:11.597 - INFO - [168089863500] CAN0 CANFD加速    	RX ID: 0x54d     	标准帧 数据帧 DLC: 8	DATA(hex): 4D 00 00 00 00 00 11 A1
2026-01-23 15:00:12.003 - INFO - [168090267000] CAN0 CANFD加速    	RX ID: 0x38b     	标准帧 数据帧 DLC: 8	DATA(hex): 2B 46 16 10 00 28 11 00
2026-01-23 15:00:12.103 - INFO - [168090367800] CAN0 CANFD加速    	RX ID: 0x54d     	标准帧 数据帧 DLC: 8	DATA(hex): 4D 00 00 00 00 00 11 A1
2026-01-23 15:00:12.606 - INFO - [168090872100] CAN0 CANFD加速    	RX ID: 0x54d     	标准帧 数据帧 DLC: 8	DATA(hex): 4D 00 00 00 00 00 11 A1
2026-01-23 15:00:13.012 - INFO - [168091275500] CAN0 CANFD加速    	RX ID: 0x38b     	标准帧 数据帧 DLC: 8	DATA(hex): 2B 46 16 10 00 28 11 00
2026-01-23 15:00:13.114 - INFO - [168091376400] CAN0 CANFD加速    	RX ID: 0x54d     	标准帧 数据帧 DLC: 8	DATA(hex): 4D 00 00 00 00 00 11 A1
2026-01-23 15:00:13.616 - INFO - [168091880600] CAN0 CANFD加速    	RX ID: 0x54d     	标准帧 数据帧 DLC: 8	DATA(hex): 4D 00 00 00 00 00 11 A1
2026-01-23 15:00:14.020 - INFO - [168092284100] CAN0 CANFD加速    	RX ID: 0x38b     	标准帧 数据帧 DLC: 8	DATA(hex): 2B 46 16 10 00 28 11 00
2026-01-23 15:00:14.122 - INFO - [168092385000] CAN0 CANFD加速    	RX ID: 0x54d     	标准帧 数据帧 DLC: 8	DATA(hex): 4D 00 00 00 00 00 11 A1
2026-01-23 15:00:14.623 - INFO - [168092889200] CAN0 CANFD加速    	RX ID: 0x54d     	标准帧 数据帧 DLC: 8	DATA(hex): 4D 00 00 00 00 00 11 A1
2026-01-23 15:00:15.026 - INFO - [168093292600] CAN0 CANFD加速    	RX ID: 0x38b     	标准帧 数据帧 DLC: 8	DATA(hex): 2B 46 16 10 00 28 11 00
2026-01-23 15:00:15.131 - INFO - [168093393500] CAN0 CANFD加速    	RX ID: 0x54d     	标准帧 数据帧 DLC: 8	DATA(hex): 4D 00 00 00 00 00 11 A1
2026-01-23 15:00:15.632 - INFO - [168093897800] CAN0 CANFD加速    	RX ID: 0x54d     	标准帧 数据帧 DLC: 8	DATA(hex): 4D 00 00 00 00 00 11 A1
2026-01-23 15:00:16.039 - INFO - [168094301300] CAN0 CANFD加速    	RX ID: 0x38b     	标准帧 数据帧 DLC: 8	DATA(hex): 2B 46 16 10 00 28 11 00
2026-01-23 15:00:16.137 - INFO - [168094402100] CAN0 CANFD加速    	RX ID: 0x54d     	标准帧 数据帧 DLC: 8	DATA(hex): 4D 00 00 00 00 00 11 A1
2026-01-23 15:00:16.644 - INFO - [168094906300] CAN0 CANFD加速    	RX ID: 0x54d     	标准帧 数据帧 DLC: 8	DATA(hex): 4D 00 00 00 00 00 11 A1
2026-01-23 15:00:17.045 - INFO - [168095309700] CAN0 CANFD加速    	RX ID: 0x38b     	标准帧 数据帧 DLC: 8	DATA(hex): 2B 46 16 10 00 28 11 00
2026-01-23 15:00:17.147 - INFO - [168095410600] CAN0 CANFD加速    	RX ID: 0x54d     	标准帧 数据帧 DLC: 8	DATA(hex): 4D 00 00 00 00 00 11 A1
2026-01-23 15:00:17.649 - INFO - [168095914900] CAN0 CANFD加速    	RX ID: 0x54d     	标准帧 数据帧 DLC: 8	DATA(hex): 4D 00 00 00 00 00 11 A1
2026-01-23 15:00:18.053 - INFO - [168096318300] CAN0 CANFD加速    	RX ID: 0x38b     	标准帧 数据帧 DLC: 8	DATA(hex): 2B 46 16 10 00 28 11 00
2026-01-23 15:00:18.152 - INFO - [168096419200] CAN0 CANFD加速    	RX ID: 0x54d     	标准帧 数据帧 DLC: 8	DATA(hex): 4D 00 00 00 00 00 11 A1
2026-01-23 15:00:18.662 - INFO - [168096923500] CAN0 CANFD加速    	RX ID: 0x54d     	标准帧 数据帧 DLC: 8	DATA(hex): 4D 00 00 00 00 00 11 A1
2026-01-23 15:00:19.061 - INFO - [168097326900] CAN0 CANFD加速    	RX ID: 0x38b     	标准帧 数据帧 DLC: 8	DATA(hex): 2B 46 16 10 00 28 11 00
2026-01-23 15:00:19.166 - INFO - [168097427800] CAN0 CANFD加速    	RX ID: 0x54d     	标准帧 数据帧 DLC: 8	DATA(hex): 4D 00 00 00 00 00 11 A1
2026-01-23 15:00:19.665 - INFO - [168097932000] CAN0 CANFD加速    	RX ID: 0x54d     	标准帧 数据帧 DLC: 8	DATA(hex): 4D 00 00 00 00 00 11 A1
2026-01-23 15:00:20.070 - INFO - [168098335400] CAN0 CANFD加速    	RX ID: 0x38b     	标准帧 数据帧 DLC: 8	DATA(hex): 2B 46 16 10 00 28 11 00
2026-01-23 15:00:20.173 - INFO - [168098436300] CAN0 CANFD加速    	RX ID: 0x54d     	标准帧 数据帧 DLC: 8	DATA(hex): 4D 00 00 00 00 00 11 A1
2026-01-23 15:00:20.674 - INFO - [168098940600] CAN0 CANFD加速    	RX ID: 0x54d     	标准帧 数据帧 DLC: 8	DATA(hex): 4D 00 00 00 00 00 11 A1
2026-01-23 15:00:21.081 - INFO - [168099344000] CAN0 CANFD加速    	RX ID: 0x38b     	标准帧 数据帧 DLC: 8	DATA(hex): 2B 46 16 10 00 28 11 00
2026-01-23 15:00:21.181 - INFO - [168099444900] CAN0 CANFD加速    	RX ID: 0x54d     	标准帧 数据帧 DLC: 8	DATA(hex): 4D 00 00 00 00 00 11 A1
2026-01-23 15:00:21.682 - INFO - [168099949200] CAN0 CANFD加速    	RX ID: 0x54d     	标准帧 数据帧 DLC: 8	DATA(hex): 4D 00 00 00 00 00 11 A1
2026-01-23 15:00:22.091 - INFO - [168100352600] CAN0 CANFD加速    	RX ID: 0x38b     	标准帧 数据帧 DLC: 8	DATA(hex): 2B 46 16 10 00 28 11 00
2026-01-23 15:00:22.189 - INFO - [168100453500] CAN0 CANFD加速    	RX ID: 0x54d     	标准帧 数据帧 DLC: 8	DATA(hex): 4D 00 00 00 00 00 11 A1
2026-01-23 15:00:22.695 - INFO - [168100957700] CAN0 CANFD加速    	RX ID: 0x54d     	标准帧 数据帧 DLC: 8	DATA(hex): 4D 00 00 00 00 00 11 A1
2026-01-23 15:00:23.098 - INFO - [168101361200] CAN0 CANFD加速    	RX ID: 0x38b     	标准帧 数据帧 DLC: 8	DATA(hex): 2B 46 16 10 00 28 11 00
2026-01-23 15:00:23.198 - INFO - [168101462100] CAN0 CANFD加速    	RX ID: 0x54d     	标准帧 数据帧 DLC: 8	DATA(hex): 4D 00 00 00 00 00 11 A1
2026-01-23 15:00:23.701 - INFO - [168101966300] CAN0 CANFD加速    	RX ID: 0x54d     	标准帧 数据帧 DLC: 8	DATA(hex): 4D 00 00 00 00 00 11 A1
2026-01-23 15:00:24.108 - INFO - [168102369800] CAN0 CANFD加速    	RX ID: 0x38b     	标准帧 数据帧 DLC: 8	DATA(hex): 2B 46 16 10 00 28 11 00
2026-01-23 15:00:24.207 - INFO - [168102470600] CAN0 CANFD加速    	RX ID: 0x54d     	标准帧 数据帧 DLC: 8	DATA(hex): 4D 00 00 00 00 00 11 A1
2026-01-23 15:00:24.711 - INFO - [168102974900] CAN0 CANFD加速    	RX ID: 0x54d     	标准帧 数据帧 DLC: 8	DATA(hex): 4D 00 00 00 00 00 11 A1
2026-01-23 15:00:25.113 - INFO - [168103378400] CAN0 CANFD加速    	RX ID: 0x38b     	标准帧 数据帧 DLC: 8	DATA(hex): 2B 46 16 10 00 28 11 00
2026-01-23 15:00:25.215 - INFO - [168103479200] CAN0 CANFD加速    	RX ID: 0x54d     	标准帧 数据帧 DLC: 8	DATA(hex): 4D 00 00 00 00 00 11 A1
2026-01-23 15:00:25.718 - INFO - [168103983500] CAN0 CANFD加速    	RX ID: 0x54d     	标准帧 数据帧 DLC: 8	DATA(hex): 4D 00 00 00 00 00 11 A1
2026-01-23 15:00:26.121 - INFO - [168104387000] CAN0 CANFD加速    	RX ID: 0x38b     	标准帧 数据帧 DLC: 8	DATA(hex): 2B 46 16 10 00 28 11 00
2026-01-23 15:00:26.226 - INFO - [168104487800] CAN0 CANFD加速    	RX ID: 0x54d     	标准帧 数据帧 DLC: 8	DATA(hex): 4D 00 00 00 00 00 11 A1
2026-01-23 15:00:26.727 - INFO - [168104992100] CAN0 CANFD加速    	RX ID: 0x54d     	标准帧 数据帧 DLC: 8	DATA(hex): 4D 00 00 00 00 00 11 A1
2026-01-23 15:00:27.133 - INFO - [168105395600] CAN0 CANFD加速    	RX ID: 0x38b     	标准帧 数据帧 DLC: 8	DATA(hex): 2B 46 16 10 00 28 11 00
2026-01-23 15:00:27.232 - INFO - [168105496400] CAN0 CANFD加速    	RX ID: 0x54d     	标准帧 数据帧 DLC: 8	DATA(hex): 4D 00 00 00 00 00 11 A1
2026-01-23 15:00:27.736 - INFO - [168106000700] CAN0 CANFD加速    	RX ID: 0x54d     	标准帧 数据帧 DLC: 8	DATA(hex): 4D 00 00 00 00 00 11 A1
2026-01-23 15:00:28.143 - INFO - [168106404100] CAN0 CANFD加速    	RX ID: 0x38b     	标准帧 数据帧 DLC: 8	DATA(hex): 2B 46 16 10 00 28 11 00
2026-01-23 15:00:28.242 - INFO - [168106505000] CAN0 CANFD加速    	RX ID: 0x54d     	标准帧 数据帧 DLC: 8	DATA(hex): 4D 00 00 00 00 00 11 A1
2026-01-23 15:00:28.748 - INFO - [168107009300] CAN0 CANFD加速    	RX ID: 0x54d     	标准帧 数据帧 DLC: 8	DATA(hex): 4D 00 00 00 00 00 11 A1
2026-01-23 15:00:29.151 - INFO - [168107412800] CAN0 CANFD加速    	RX ID: 0x38b     	标准帧 数据帧 DLC: 8	DATA(hex): 2B 46 16 10 00 28 11 00
2026-01-23 15:00:29.251 - INFO - [168107513600] CAN0 CANFD加速    	RX ID: 0x54d     	标准帧 数据帧 DLC: 8	DATA(hex): 4D 00 00 00 00 00 11 A1
2026-01-23 15:00:29.752 - INFO - [168108017900] CAN0 CANFD加速    	RX ID: 0x54d     	标准帧 数据帧 DLC: 8	DATA(hex): 4D 00 00 00 00 00 11 A1
2026-01-23 15:00:30.160 - INFO - [168108421400] CAN0 CANFD加速    	RX ID: 0x38b     	标准帧 数据帧 DLC: 8	DATA(hex): 2B 46 16 10 00 28 11 00
2026-01-23 15:00:30.259 - INFO - [168108522200] CAN0 CANFD加速    	RX ID: 0x54d     	标准帧 数据帧 DLC: 8	DATA(hex): 4D 00 00 00 00 00 11 A1
2026-01-23 15:00:30.764 - INFO - [168109026500] CAN0 CANFD加速    	RX ID: 0x54d     	标准帧 数据帧 DLC: 8	DATA(hex): 4D 00 00 00 00 00 11 A1
2026-01-23 15:00:31.165 - INFO - [168109429900] CAN0 CANFD加速    	RX ID: 0x38b     	标准帧 数据帧 DLC: 8	DATA(hex): 2B 46 16 10 00 28 11 00
2026-01-23 15:00:31.270 - INFO - [168109530800] CAN0 CANFD加速    	RX ID: 0x54d     	标准帧 数据帧 DLC: 8	DATA(hex): 4D 00 00 00 00 00 11 A1
2026-01-23 15:00:31.772 - INFO - [168110035100] CAN0 CANFD加速    	RX ID: 0x54d     	标准帧 数据帧 DLC: 8	DATA(hex): 4D 00 00 00 00 00 11 A1
2026-01-23 15:00:32.172 - INFO - [168110438500] CAN0 CANFD加速    	RX ID: 0x38b     	标准帧 数据帧 DLC: 8	DATA(hex): 2B 46 16 10 00 28 11 00
2026-01-23 15:00:32.275 - INFO - [168110539400] CAN0 CANFD加速    	RX ID: 0x54d     	标准帧 数据帧 DLC: 8	DATA(hex): 4D 00 00 00 00 00 11 A1
2026-01-23 15:00:32.781 - INFO - [168111043600] CAN0 CANFD加速    	RX ID: 0x54d     	标准帧 数据帧 DLC: 8	DATA(hex): 4D 00 00 00 00 00 11 A1
2026-01-23 15:00:33.182 - INFO - [168111447100] CAN0 CANFD加速    	RX ID: 0x38b     	标准帧 数据帧 DLC: 8	DATA(hex): 2B 46 16 10 00 28 11 00
2026-01-23 15:00:33.285 - INFO - [168111547900] CAN0 CANFD加速    	RX ID: 0x54d     	标准帧 数据帧 DLC: 8	DATA(hex): 4D 00 00 00 00 00 11 A1
2026-01-23 15:00:33.789 - INFO - [168112052200] CAN0 CANFD加速    	RX ID: 0x54d     	标准帧 数据帧 DLC: 8	DATA(hex): 4D 00 00 00 00 00 11 A1
2026-01-23 15:00:34.195 - INFO - [168112455700] CAN0 CANFD加速    	RX ID: 0x38b     	标准帧 数据帧 DLC: 8	DATA(hex): 2B 46 16 10 00 28 11 00
2026-01-23 15:00:34.292 - INFO - [168112556600] CAN0 CANFD加速    	RX ID: 0x54d     	标准帧 数据帧 DLC: 8	DATA(hex): 4D 00 00 00 00 00 11 A1
2026-01-23 15:00:34.795 - INFO - [168113060900] CAN0 CANFD加速    	RX ID: 0x54d     	标准帧 数据帧 DLC: 8	DATA(hex): 4D 00 00 00 00 00 11 A1
2026-01-23 15:00:35.199 - INFO - [168113464300] CAN0 CANFD加速    	RX ID: 0x38b     	标准帧 数据帧 DLC: 8	DATA(hex): 2B 46 16 10 00 28 11 00
2026-01-23 15:00:35.300 - INFO - [168113565200] CAN0 CANFD加速    	RX ID: 0x54d     	标准帧 数据帧 DLC: 8	DATA(hex): 4D 00 00 00 00 00 11 A1
2026-01-23 15:00:35.809 - INFO - [168114069500] CAN0 CANFD加速    	RX ID: 0x54d     	标准帧 数据帧 DLC: 8	DATA(hex): 4D 00 00 00 00 00 11 A1
2026-01-23 15:00:36.212 - INFO - [168114473100] CAN0 CANFD加速    	RX ID: 0x38b     	标准帧 数据帧 DLC: 8	DATA(hex): 2B 46 16 10 00 28 11 00
2026-01-23 15:00:36.312 - INFO - [168114573800] CAN0 CANFD加速    	RX ID: 0x54d     	标准帧 数据帧 DLC: 8	DATA(hex): 4D 00 00 00 00 00 11 A1
2026-01-23 15:00:36.813 - INFO - [168115078100] CAN0 CANFD加速    	RX ID: 0x54d     	标准帧 数据帧 DLC: 8	DATA(hex): 4D 00 00 00 00 00 11 A1
2026-01-23 15:00:37.219 - INFO - [168115481600] CAN0 CANFD加速    	RX ID: 0x38b     	标准帧 数据帧 DLC: 8	DATA(hex): 2B 46 16 10 00 28 11 00
2026-01-23 15:00:37.319 - INFO - [168115582400] CAN0 CANFD加速    	RX ID: 0x54d     	标准帧 数据帧 DLC: 8	DATA(hex): 4D 00 00 00 00 00 11 A1
2026-01-23 15:00:37.823 - INFO - [168116086700] CAN0 CANFD加速    	RX ID: 0x54d     	标准帧 数据帧 DLC: 8	DATA(hex): 4D 00 00 00 00 00 11 A1
2026-01-23 15:00:38.228 - INFO - [168116490200] CAN0 CANFD加速    	RX ID: 0x38b     	标准帧 数据帧 DLC: 8	DATA(hex): 2B 46 16 10 00 28 11 00
2026-01-23 15:00:38.326 - INFO - [168116591000] CAN0 CANFD加速    	RX ID: 0x54d     	标准帧 数据帧 DLC: 8	DATA(hex): 4D 00 00 00 00 00 11 A1
2026-01-23 15:00:38.835 - INFO - [168117095300] CAN0 CANFD加速    	RX ID: 0x54d     	标准帧 数据帧 DLC: 8	DATA(hex): 4D 00 00 00 00 00 11 A1
2026-01-23 15:00:39.236 - INFO - [168117498800] CAN0 CANFD加速    	RX ID: 0x38b     	标准帧 数据帧 DLC: 8	DATA(hex): 2B 46 16 10 00 28 11 00
2026-01-23 15:00:39.337 - INFO - [168117599600] CAN0 CANFD加速    	RX ID: 0x54d     	标准帧 数据帧 DLC: 8	DATA(hex): 4D 00 00 00 00 00 11 A1
2026-01-23 15:00:39.841 - INFO - [168118103900] CAN0 CANFD加速    	RX ID: 0x54d     	标准帧 数据帧 DLC: 8	DATA(hex): 4D 00 00 00 00 00 11 A1
2026-01-23 15:00:40.246 - INFO - [168118507400] CAN0 CANFD加速    	RX ID: 0x38b     	标准帧 数据帧 DLC: 8	DATA(hex): 2B 46 16 10 00 28 11 00
2026-01-23 15:00:40.344 - INFO - [168118608300] CAN0 CANFD加速    	RX ID: 0x54d     	标准帧 数据帧 DLC: 8	DATA(hex): 4D 00 00 00 00 00 11 A1
2026-01-23 15:00:40.846 - INFO - [168119112500] CAN0 CANFD加速    	RX ID: 0x54d     	标准帧 数据帧 DLC: 8	DATA(hex): 4D 00 00 00 00 00 11 A1
2026-01-23 15:00:41.254 - INFO - [168119516000] CAN0 CANFD加速    	RX ID: 0x38b     	标准帧 数据帧 DLC: 8	DATA(hex): 2B 46 16 10 00 28 11 00
2026-01-23 15:00:41.351 - INFO - [168119616900] CAN0 CANFD加速    	RX ID: 0x54d     	标准帧 数据帧 DLC: 8	DATA(hex): 4D 00 00 00 00 00 11 A1
2026-01-23 15:00:41.858 - INFO - [168120121100] CAN0 CANFD加速    	RX ID: 0x54d     	标准帧 数据帧 DLC: 8	DATA(hex): 4D 00 00 00 00 00 11 A1
2026-01-23 15:00:42.263 - INFO - [168120524600] CAN0 CANFD加速    	RX ID: 0x38b     	标准帧 数据帧 DLC: 8	DATA(hex): 2B 46 16 10 00 28 11 00
2026-01-23 15:00:42.363 - INFO - [168120625400] CAN0 CANFD加速    	RX ID: 0x54d     	标准帧 数据帧 DLC: 8	DATA(hex): 4D 00 00 00 00 00 11 A1
2026-01-23 15:00:42.869 - INFO - [168121129900] CAN0 CANFD加速    	RX ID: 0x54d     	标准帧 数据帧 DLC: 8	DATA(hex): 4D 00 00 00 00 00 11 A1
2026-01-23 15:00:43.268 - INFO - [168121533100] CAN0 CANFD加速    	RX ID: 0x38b     	标准帧 数据帧 DLC: 8	DATA(hex): 2B 46 16 10 00 28 11 00
2026-01-23 15:00:43.373 - INFO - [168121634000] CAN0 CANFD加速    	RX ID: 0x54d     	标准帧 数据帧 DLC: 8	DATA(hex): 4D 00 00 00 00 00 11 A1
2026-01-23 15:00:43.873 - INFO - [168122138300] CAN0 CANFD加速    	RX ID: 0x54d     	标准帧 数据帧 DLC: 8	DATA(hex): 4D 00 00 00 00 00 11 A1
2026-01-23 15:00:44.279 - INFO - [168122541700] CAN0 CANFD加速    	RX ID: 0x38b     	标准帧 数据帧 DLC: 8	DATA(hex): 2B 46 16 10 00 28 11 00
2026-01-23 15:00:44.381 - INFO - [168122642600] CAN0 CANFD加速    	RX ID: 0x54d     	标准帧 数据帧 DLC: 8	DATA(hex): 4D 00 00 00 00 00 11 A1
2026-01-23 15:00:44.882 - INFO - [168123146900] CAN0 CANFD加速    	RX ID: 0x54d     	标准帧 数据帧 DLC: 8	DATA(hex): 4D 00 00 00 00 00 11 A1
2026-01-23 15:00:45.286 - INFO - [168123550300] CAN0 CANFD加速    	RX ID: 0x38b     	标准帧 数据帧 DLC: 8	DATA(hex): 2B 46 16 10 00 28 11 00
2026-01-23 15:00:45.391 - INFO - [168123651200] CAN0 CANFD加速    	RX ID: 0x54d     	标准帧 数据帧 DLC: 8	DATA(hex): 4D 00 00 00 00 00 11 A1
2026-01-23 15:00:45.895 - INFO - [168124155500] CAN0 CANFD加速    	RX ID: 0x54d     	标准帧 数据帧 DLC: 8	DATA(hex): 4D 00 00 00 00 00 11 A1
2026-01-23 15:00:46.297 - INFO - [168124558900] CAN0 CANFD加速    	RX ID: 0x38b     	标准帧 数据帧 DLC: 8	DATA(hex): 2B 46 16 10 00 28 11 00
2026-01-23 15:00:46.397 - INFO - [168124659800] CAN0 CANFD加速    	RX ID: 0x54d     	标准帧 数据帧 DLC: 8	DATA(hex): 4D 00 00 00 00 00 11 A1
2026-01-23 15:00:46.902 - INFO - [168125164100] CAN0 CANFD加速    	RX ID: 0x54d     	标准帧 数据帧 DLC: 8	DATA(hex): 4D 00 00 00 00 00 11 A1
2026-01-23 15:00:47.305 - INFO - [168125567600] CAN0 CANFD加速    	RX ID: 0x38b     	标准帧 数据帧 DLC: 8	DATA(hex): 2B 46 16 10 00 28 11 00
2026-01-23 15:00:47.402 - INFO - [168125668400] CAN0 CANFD加速    	RX ID: 0x54d     	标准帧 数据帧 DLC: 8	DATA(hex): 4D 00 00 00 00 00 11 A1
2026-01-23 15:00:47.907 - INFO - [168126172700] CAN0 CANFD加速    	RX ID: 0x54d     	标准帧 数据帧 DLC: 8	DATA(hex): 4D 00 00 00 00 00 11 A1
2026-01-23 15:00:48.314 - INFO - [168126576100] CAN0 CANFD加速    	RX ID: 0x38b     	标准帧 数据帧 DLC: 8	DATA(hex): 2B 46 16 10 00 28 11 00
2026-01-23 15:00:48.417 - INFO - [168126677000] CAN0 CANFD加速    	RX ID: 0x54d     	标准帧 数据帧 DLC: 8	DATA(hex): 4D 00 00 00 00 00 11 A1
2026-01-23 15:00:48.918 - INFO - [168127181300] CAN0 CANFD加速    	RX ID: 0x54d     	标准帧 数据帧 DLC: 8	DATA(hex): 4D 00 00 00 00 00 11 A1
2026-01-23 15:00:49.322 - INFO - [168127584700] CAN0 CANFD加速    	RX ID: 0x38b     	标准帧 数据帧 DLC: 8	DATA(hex): 2B 46 16 10 00 28 11 00
2026-01-23 15:00:49.421 - INFO - [168127685600] CAN0 CANFD加速    	RX ID: 0x54d     	标准帧 数据帧 DLC: 8	DATA(hex): 4D 00 00 00 00 00 11 A1
2026-01-23 15:00:49.927 - INFO - [168128189900] CAN0 CANFD加速    	RX ID: 0x54d     	标准帧 数据帧 DLC: 8	DATA(hex): 4D 00 00 00 00 00 11 A1
2026-01-23 15:00:50.332 - INFO - [168128593300] CAN0 CANFD加速    	RX ID: 0x38b     	标准帧 数据帧 DLC: 8	DATA(hex): 2B 46 16 10 00 28 11 00
2026-01-23 15:00:50.434 - INFO - [168128694300] CAN0 CANFD加速    	RX ID: 0x54d     	标准帧 数据帧 DLC: 8	DATA(hex): 4D 00 00 00 00 00 11 A1
2026-01-23 15:00:50.938 - INFO - [168129198500] CAN0 CANFD加速    	RX ID: 0x54d     	标准帧 数据帧 DLC: 8	DATA(hex): 4D 00 00 00 00 00 11 A1
2026-01-23 15:00:51.339 - INFO - [168129601900] CAN0 CANFD加速    	RX ID: 0x38b     	标准帧 数据帧 DLC: 8	DATA(hex): 2B 46 16 10 00 28 11 00
2026-01-23 15:00:51.438 - INFO - [168129702800] CAN0 CANFD加速    	RX ID: 0x54d     	标准帧 数据帧 DLC: 8	DATA(hex): 4D 00 00 00 00 00 11 A1
2026-01-23 15:00:51.947 - INFO - [168130207100] CAN0 CANFD加速    	RX ID: 0x54d     	标准帧 数据帧 DLC: 8	DATA(hex): 4D 00 00 00 00 00 11 A1
2026-01-23 15:00:52.346 - INFO - [168130610500] CAN0 CANFD加速    	RX ID: 0x38b     	标准帧 数据帧 DLC: 8	DATA(hex): 2B 46 16 10 00 28 11 00
2026-01-23 15:00:52.451 - INFO - [168130711400] CAN0 CANFD加速    	RX ID: 0x54d     	标准帧 数据帧 DLC: 8	DATA(hex): 4D 00 00 00 00 00 11 A1
2026-01-23 15:00:52.952 - INFO - [168131215700] CAN0 CANFD加速    	RX ID: 0x54d     	标准帧 数据帧 DLC: 8	DATA(hex): 4D 00 00 00 00 00 11 A1
2026-01-23 15:00:53.354 - INFO - [168131619100] CAN0 CANFD加速    	RX ID: 0x38b     	标准帧 数据帧 DLC: 8	DATA(hex): 2B 46 16 10 00 28 11 00
2026-01-23 15:00:53.457 - INFO - [168131720000] CAN0 CANFD加速    	RX ID: 0x54d     	标准帧 数据帧 DLC: 8	DATA(hex): 4D 00 00 00 00 00 11 A1
2026-01-23 15:00:53.963 - INFO - [168132224300] CAN0 CANFD加速    	RX ID: 0x54d     	标准帧 数据帧 DLC: 8	DATA(hex): 4D 00 00 00 00 00 11 A1
2026-01-23 15:00:54.367 - INFO - [168132627700] CAN0 CANFD加速    	RX ID: 0x38b     	标准帧 数据帧 DLC: 8	DATA(hex): 2B 46 16 10 00 28 11 00
2026-01-23 15:00:54.468 - INFO - [168132728500] CAN0 CANFD加速    	RX ID: 0x54d     	标准帧 数据帧 DLC: 8	DATA(hex): 4D 00 00 00 00 00 11 A1
2026-01-23 15:00:54.973 - INFO - [168133232800] CAN0 CANFD加速    	RX ID: 0x54d     	标准帧 数据帧 DLC: 8	DATA(hex): 4D 00 00 00 00 00 11 A1
2026-01-23 15:00:55.374 - INFO - [168133636200] CAN0 CANFD加速    	RX ID: 0x38b     	标准帧 数据帧 DLC: 8	DATA(hex): 2B 46 16 10 00 28 11 00
2026-01-23 15:00:55.475 - INFO - [168133737100] CAN0 CANFD加速    	RX ID: 0x54d     	标准帧 数据帧 DLC: 8	DATA(hex): 4D 00 00 00 00 00 11 A1
2026-01-23 15:00:55.982 - INFO - [168134241400] CAN0 CANFD加速    	RX ID: 0x54d     	标准帧 数据帧 DLC: 8	DATA(hex): 4D 00 00 00 00 00 11 A1
2026-01-23 15:00:56.382 - INFO - [168134644900] CAN0 CANFD加速    	RX ID: 0x38b     	标准帧 数据帧 DLC: 8	DATA(hex): 2B 46 16 10 00 28 11 00
2026-01-23 15:00:56.481 - INFO - [168134745700] CAN0 CANFD加速    	RX ID: 0x54d     	标准帧 数据帧 DLC: 8	DATA(hex): 4D 00 00 00 00 00 11 A1
2026-01-23 15:00:56.988 - INFO - [168135250000] CAN0 CANFD加速    	RX ID: 0x54d     	标准帧 数据帧 DLC: 8	DATA(hex): 4D 00 00 00 00 00 11 A1
2026-01-23 15:00:57.392 - INFO - [168135653400] CAN0 CANFD加速    	RX ID: 0x38b     	标准帧 数据帧 DLC: 8	DATA(hex): 2B 46 16 10 00 28 11 00
2026-01-23 15:00:57.493 - INFO - [168135754300] CAN0 CANFD加速    	RX ID: 0x54d     	标准帧 数据帧 DLC: 8	DATA(hex): 4D 00 00 00 00 00 11 A1
2026-01-23 15:00:57.994 - INFO - [168136258600] CAN0 CANFD加速    	RX ID: 0x54d     	标准帧 数据帧 DLC: 8	DATA(hex): 4D 00 00 00 00 00 11 A1
2026-01-23 15:00:58.400 - INFO - [168136662000] CAN0 CANFD加速    	RX ID: 0x38b     	标准帧 数据帧 DLC: 8	DATA(hex): 2B 46 16 10 00 28 11 00
2026-01-23 15:00:58.500 - INFO - [168136762900] CAN0 CANFD加速    	RX ID: 0x54d     	标准帧 数据帧 DLC: 8	DATA(hex): 4D 00 00 00 00 00 11 A1
2026-01-23 15:00:59.003 - INFO - [168137267200] CAN0 CANFD加速    	RX ID: 0x54d     	标准帧 数据帧 DLC: 8	DATA(hex): 4D 00 00 00 00 00 11 A1
2026-01-23 15:00:59.408 - INFO - [168137670600] CAN0 CANFD加速    	RX ID: 0x38b     	标准帧 数据帧 DLC: 8	DATA(hex): 2B 46 16 10 00 28 11 00
2026-01-23 15:00:59.509 - INFO - [168137771500] CAN0 CANFD加速    	RX ID: 0x54d     	标准帧 数据帧 DLC: 8	DATA(hex): 4D 00 00 00 00 00 11 A1
2026-01-23 15:01:00.014 - INFO - [168138275800] CAN0 CANFD加速    	RX ID: 0x54d     	标准帧 数据帧 DLC: 8	DATA(hex): 4D 00 00 00 00 00 11 A1
2026-01-23 15:01:00.418 - INFO - [168138679200] CAN0 CANFD加速    	RX ID: 0x38b     	标准帧 数据帧 DLC: 8	DATA(hex): 2B 46 16 10 00 28 11 00
2026-01-23 15:01:00.518 - INFO - [168138780100] CAN0 CANFD加速    	RX ID: 0x54d     	标准帧 数据帧 DLC: 8	DATA(hex): 4D 00 00 00 00 00 11 A1
2026-01-23 15:01:01.021 - INFO - [168139284400] CAN0 CANFD加速    	RX ID: 0x54d     	标准帧 数据帧 DLC: 8	DATA(hex): 4D 00 00 00 00 00 11 A1
2026-01-23 15:01:01.425 - INFO - [168139687900] CAN0 CANFD加速    	RX ID: 0x38b     	标准帧 数据帧 DLC: 8	DATA(hex): 2B 46 16 10 00 28 11 00
2026-01-23 15:01:01.527 - INFO - [168139788700] CAN0 CANFD加速    	RX ID: 0x54d     	标准帧 数据帧 DLC: 8	DATA(hex): 4D 00 00 00 00 00 11 A1
2026-01-23 15:01:02.033 - INFO - [168140293000] CAN0 CANFD加速    	RX ID: 0x54d     	标准帧 数据帧 DLC: 8	DATA(hex): 4D 00 00 00 00 00 11 A1
2026-01-23 15:01:02.432 - INFO - [168140696400] CAN0 CANFD加速    	RX ID: 0x38b     	标准帧 数据帧 DLC: 8	DATA(hex): 2B 46 16 10 00 28 11 00
2026-01-23 15:01:02.535 - INFO - [168140797300] CAN0 CANFD加速    	RX ID: 0x54d     	标准帧 数据帧 DLC: 8	DATA(hex): 4D 00 00 00 00 00 11 A1
2026-01-23 15:01:03.043 - INFO - [168141301600] CAN0 CANFD加速    	RX ID: 0x54d     	标准帧 数据帧 DLC: 8	DATA(hex): 4D 00 00 00 00 00 11 A1
2026-01-23 15:01:03.446 - INFO - [168141705000] CAN0 CANFD加速    	RX ID: 0x38b     	标准帧 数据帧 DLC: 8	DATA(hex): 2B 46 16 10 00 28 11 00
2026-01-23 15:01:03.542 - INFO - [168141805900] CAN0 CANFD加速    	RX ID: 0x54d     	标准帧 数据帧 DLC: 8	DATA(hex): 4D 00 00 00 00 00 11 A1
2026-01-23 15:01:04.051 - INFO - [168142310200] CAN0 CANFD加速    	RX ID: 0x54d     	标准帧 数据帧 DLC: 8	DATA(hex): 4D 00 00 00 00 00 11 A1
2026-01-23 15:01:04.453 - INFO - [168142713600] CAN0 CANFD加速    	RX ID: 0x38b     	标准帧 数据帧 DLC: 8	DATA(hex): 2B 46 16 10 00 28 11 00
2026-01-23 15:01:04.554 - INFO - [168142814400] CAN0 CANFD加速    	RX ID: 0x54d     	标准帧 数据帧 DLC: 8	DATA(hex): 4D 00 00 00 00 00 11 A1
2026-01-23 15:01:05.055 - INFO - [168143318800] CAN0 CANFD加速    	RX ID: 0x54d     	标准帧 数据帧 DLC: 8	DATA(hex): 4D 00 00 00 00 00 11 A1
2026-01-23 15:01:05.462 - INFO - [168143722200] CAN0 CANFD加速    	RX ID: 0x38b     	标准帧 数据帧 DLC: 8	DATA(hex): 2B 46 16 10 00 28 11 00
2026-01-23 15:01:05.562 - INFO - [168143823000] CAN0 CANFD加速    	RX ID: 0x54d     	标准帧 数据帧 DLC: 8	DATA(hex): 4D 00 00 00 00 00 11 A1
2026-01-23 15:01:06.064 - INFO - [168144327400] CAN0 CANFD加速    	RX ID: 0x54d     	标准帧 数据帧 DLC: 8	DATA(hex): 4D 00 00 00 00 00 11 A1
2026-01-23 15:01:06.467 - INFO - [168144730800] CAN0 CANFD加速    	RX ID: 0x38b     	标准帧 数据帧 DLC: 8	DATA(hex): 2B 46 16 10 00 28 11 00
2026-01-23 15:01:06.567 - INFO - [168144831600] CAN0 CANFD加速    	RX ID: 0x54d     	标准帧 数据帧 DLC: 8	DATA(hex): 4D 00 00 00 00 00 11 A1
2026-01-23 15:01:07.074 - INFO - [168145335900] CAN0 CANFD加速    	RX ID: 0x54d     	标准帧 数据帧 DLC: 8	DATA(hex): 4D 00 00 00 00 00 11 A1
2026-01-23 15:01:07.479 - INFO - [168145739400] CAN0 CANFD加速    	RX ID: 0x38b     	标准帧 数据帧 DLC: 8	DATA(hex): 2B 46 16 10 00 28 11 00
2026-01-23 15:01:07.579 - INFO - [168145840200] CAN0 CANFD加速    	RX ID: 0x54d     	标准帧 数据帧 DLC: 8	DATA(hex): 4D 00 00 00 00 00 11 A1
2026-01-23 15:01:08.084 - INFO - [168146344500] CAN0 CANFD加速    	RX ID: 0x54d     	标准帧 数据帧 DLC: 8	DATA(hex): 4D 00 00 00 00 00 11 A1
2026-01-23 15:01:08.484 - INFO - [168146747900] CAN0 CANFD加速    	RX ID: 0x38b     	标准帧 数据帧 DLC: 8	DATA(hex): 2B 46 16 10 00 28 11 00
2026-01-23 15:01:08.587 - INFO - [168146848800] CAN0 CANFD加速    	RX ID: 0x54d     	标准帧 数据帧 DLC: 8	DATA(hex): 4D 00 00 00 00 00 11 A1
2026-01-23 15:01:09.091 - INFO - [168147353100] CAN0 CANFD加速    	RX ID: 0x54d     	标准帧 数据帧 DLC: 8	DATA(hex): 4D 00 00 00 00 00 11 A1
2026-01-23 15:01:09.496 - INFO - [168147756600] CAN0 CANFD加速    	RX ID: 0x38b     	标准帧 数据帧 DLC: 8	DATA(hex): 2B 46 16 10 00 28 11 00
2026-01-23 15:01:09.595 - INFO - [168147857300] CAN0 CANFD加速    	RX ID: 0x54d     	标准帧 数据帧 DLC: 8	DATA(hex): 4D 00 00 00 00 00 11 A1
2026-01-23 15:01:10.100 - INFO - [168148361600] CAN0 CANFD加速    	RX ID: 0x54d     	标准帧 数据帧 DLC: 8	DATA(hex): 4D 00 00 00 00 00 11 A1
2026-01-23 15:01:10.505 - INFO - [168148765100] CAN0 CANFD加速    	RX ID: 0x38b     	标准帧 数据帧 DLC: 8	DATA(hex): 2B 46 16 10 00 28 11 00
2026-01-23 15:01:10.603 - INFO - [168148865900] CAN0 CANFD加速    	RX ID: 0x54d     	标准帧 数据帧 DLC: 8	DATA(hex): 4D 00 00 00 00 00 11 A1
2026-01-23 15:01:11.107 - INFO - [168149370200] CAN0 CANFD加速    	RX ID: 0x54d     	标准帧 数据帧 DLC: 8	DATA(hex): 4D 00 00 00 00 00 11 A1
2026-01-23 15:01:11.512 - INFO - [168149773600] CAN0 CANFD加速    	RX ID: 0x38b     	标准帧 数据帧 DLC: 8	DATA(hex): 2B 46 16 10 00 28 11 00
2026-01-23 15:01:11.612 - INFO - [168149874500] CAN0 CANFD加速    	RX ID: 0x54d     	标准帧 数据帧 DLC: 8	DATA(hex): 4D 00 00 00 00 00 11 A1
2026-01-23 15:01:12.119 - INFO - [168150378800] CAN0 CANFD加速    	RX ID: 0x54d     	标准帧 数据帧 DLC: 8	DATA(hex): 4D 00 00 00 00 00 11 A1
2026-01-23 15:01:12.522 - INFO - [168150782200] CAN0 CANFD加速    	RX ID: 0x38b     	标准帧 数据帧 DLC: 8	DATA(hex): 2B 46 16 10 00 28 11 00
2026-01-23 15:01:12.619 - INFO - [168150883100] CAN0 CANFD加速    	RX ID: 0x54d     	标准帧 数据帧 DLC: 8	DATA(hex): 4D 00 00 00 00 00 11 A1
2026-01-23 15:01:13.125 - INFO - [168151387400] CAN0 CANFD加速    	RX ID: 0x54d     	标准帧 数据帧 DLC: 8	DATA(hex): 4D 00 00 00 00 00 11 A1
2026-01-23 15:01:13.527 - INFO - [168151790800] CAN0 CANFD加速    	RX ID: 0x38b     	标准帧 数据帧 DLC: 8	DATA(hex): 2B 46 16 10 00 28 11 00
2026-01-23 15:01:13.629 - INFO - [168151891700] CAN0 CANFD加速    	RX ID: 0x54d     	标准帧 数据帧 DLC: 8	DATA(hex): 4D 00 00 00 00 00 11 A1
2026-01-23 15:01:14.137 - INFO - [168152395900] CAN0 CANFD加速    	RX ID: 0x54d     	标准帧 数据帧 DLC: 8	DATA(hex): 4D 00 00 00 00 00 11 A1
2026-01-23 15:01:14.537 - INFO - [168152799400] CAN0 CANFD加速    	RX ID: 0x38b     	标准帧 数据帧 DLC: 8	DATA(hex): 2B 46 16 10 00 28 11 00
2026-01-23 15:01:14.641 - INFO - [168152900200] CAN0 CANFD加速    	RX ID: 0x54d     	标准帧 数据帧 DLC: 8	DATA(hex): 4D 00 00 00 00 00 11 A1
2026-01-23 15:01:15.144 - INFO - [168153404500] CAN0 CANFD加速    	RX ID: 0x54d     	标准帧 数据帧 DLC: 8	DATA(hex): 4D 00 00 00 00 00 11 A1
2026-01-23 15:01:15.545 - INFO - [168153807900] CAN0 CANFD加速    	RX ID: 0x38b     	标准帧 数据帧 DLC: 8	DATA(hex): 2B 46 16 10 00 28 11 00
2026-01-23 15:01:15.648 - INFO - [168153908800] CAN0 CANFD加速    	RX ID: 0x54d     	标准帧 数据帧 DLC: 8	DATA(hex): 4D 00 00 00 00 00 11 A1
2026-01-23 15:01:16.151 - INFO - [168154413100] CAN0 CANFD加速    	RX ID: 0x54d     	标准帧 数据帧 DLC: 8	DATA(hex): 4D 00 00 00 00 00 11 A1
2026-01-23 15:01:16.553 - INFO - [168154816500] CAN0 CANFD加速    	RX ID: 0x38b     	标准帧 数据帧 DLC: 8	DATA(hex): 2B 46 16 10 00 28 11 00
2026-01-23 15:01:16.657 - INFO - [168154917400] CAN0 CANFD加速    	RX ID: 0x54d     	标准帧 数据帧 DLC: 8	DATA(hex): 4D 00 00 00 00 00 11 A1
2026-01-23 15:01:17.159 - INFO - [168155421700] CAN0 CANFD加速    	RX ID: 0x54d     	标准帧 数据帧 DLC: 8	DATA(hex): 4D 00 00 00 00 00 11 A1
2026-01-23 15:01:17.566 - INFO - [168155825100] CAN0 CANFD加速    	RX ID: 0x38b     	标准帧 数据帧 DLC: 8	DATA(hex): 2B 46 16 10 00 28 11 00
2026-01-23 15:01:17.664 - INFO - [168155926000] CAN0 CANFD加速    	RX ID: 0x54d     	标准帧 数据帧 DLC: 8	DATA(hex): 4D 00 00 00 00 00 11 A1
2026-01-23 15:01:18.168 - INFO - [168156430300] CAN0 CANFD加速    	RX ID: 0x54d     	标准帧 数据帧 DLC: 8	DATA(hex): 4D 00 00 00 00 00 11 A1
2026-01-23 15:01:18.574 - INFO - [168156833700] CAN0 CANFD加速    	RX ID: 0x38b     	标准帧 数据帧 DLC: 8	DATA(hex): 2B 46 16 10 00 28 11 00
2026-01-23 15:01:18.674 - INFO - [168156934600] CAN0 CANFD加速    	RX ID: 0x54d     	标准帧 数据帧 DLC: 8	DATA(hex): 4D 00 00 00 00 00 11 A1
2026-01-23 15:01:19.176 - INFO - [168157438800] CAN0 CANFD加速    	RX ID: 0x54d     	标准帧 数据帧 DLC: 8	DATA(hex): 4D 00 00 00 00 00 11 A1
2026-01-23 15:01:19.579 - INFO - [168157842300] CAN0 CANFD加速    	RX ID: 0x38b     	标准帧 数据帧 DLC: 8	DATA(hex): 2B 46 16 10 00 28 11 00
2026-01-23 15:01:19.683 - INFO - [168157943100] CAN0 CANFD加速    	RX ID: 0x54d     	标准帧 数据帧 DLC: 8	DATA(hex): 4D 00 00 00 00 00 11 A1
2026-01-23 15:01:20.184 - INFO - [168158447400] CAN0 CANFD加速    	RX ID: 0x54d     	标准帧 数据帧 DLC: 8	DATA(hex): 4D 00 00 00 00 00 11 A1
2026-01-23 15:01:20.588 - INFO - [168158850800] CAN0 CANFD加速    	RX ID: 0x38b     	标准帧 数据帧 DLC: 8	DATA(hex): 2B 46 16 10 00 28 11 00
2026-01-23 15:01:20.689 - INFO - [168158951800] CAN0 CANFD加速    	RX ID: 0x54d     	标准帧 数据帧 DLC: 8	DATA(hex): 4D 00 00 00 00 00 11 A1
2026-01-23 15:01:21.194 - INFO - [168159456000] CAN0 CANFD加速    	RX ID: 0x54d     	标准帧 数据帧 DLC: 8	DATA(hex): 4D 00 00 00 00 00 11 A1
2026-01-23 15:01:21.600 - INFO - [168159859500] CAN0 CANFD加速    	RX ID: 0x38b     	标准帧 数据帧 DLC: 8	DATA(hex): 2B 46 16 10 00 28 11 00
2026-01-23 15:01:21.698 - INFO - [168159960400] CAN0 CANFD加速    	RX ID: 0x54d     	标准帧 数据帧 DLC: 8	DATA(hex): 4D 00 00 00 00 00 11 A1
2026-01-23 15:01:22.203 - INFO - [168160464600] CAN0 CANFD加速    	RX ID: 0x54d     	标准帧 数据帧 DLC: 8	DATA(hex): 4D 00 00 00 00 00 11 A1
2026-01-23 15:01:22.609 - INFO - [168160868100] CAN0 CANFD加速    	RX ID: 0x38b     	标准帧 数据帧 DLC: 8	DATA(hex): 2B 46 16 10 00 28 11 00
2026-01-23 15:01:22.706 - INFO - [168160968900] CAN0 CANFD加速    	RX ID: 0x54d     	标准帧 数据帧 DLC: 8	DATA(hex): 4D 00 00 00 00 00 11 A1
2026-01-23 15:01:23.211 - INFO - [168161473200] CAN0 CANFD加速    	RX ID: 0x54d     	标准帧 数据帧 DLC: 8	DATA(hex): 4D 00 00 00 00 00 11 A1
2026-01-23 15:01:23.614 - INFO - [168161876700] CAN0 CANFD加速    	RX ID: 0x38b     	标准帧 数据帧 DLC: 8	DATA(hex): 2B 46 16 10 00 28 11 00
2026-01-23 15:01:23.718 - INFO - [168161977500] CAN0 CANFD加速    	RX ID: 0x54d     	标准帧 数据帧 DLC: 8	DATA(hex): 4D 00 00 00 00 00 11 A1
2026-01-23 15:01:24.224 - INFO - [168162481800] CAN0 CANFD加速    	RX ID: 0x54d     	标准帧 数据帧 DLC: 8	DATA(hex): 4D 00 00 00 00 00 11 A1
2026-01-23 15:01:24.627 - INFO - [168162885200] CAN0 CANFD加速    	RX ID: 0x38b     	标准帧 数据帧 DLC: 8	DATA(hex): 2B 46 16 10 00 28 11 00
2026-01-23 15:01:24.726 - INFO - [168162986100] CAN0 CANFD加速    	RX ID: 0x54d     	标准帧 数据帧 DLC: 8	DATA(hex): 4D 00 00 00 00 00 11 A1
2026-01-23 15:01:25.230 - INFO - [168163490400] CAN0 CANFD加速    	RX ID: 0x54d     	标准帧 数据帧 DLC: 8	DATA(hex): 4D 00 00 00 00 00 11 A1
2026-01-23 15:01:25.635 - INFO - [168163893900] CAN0 CANFD加速    	RX ID: 0x38b     	标准帧 数据帧 DLC: 8	DATA(hex): 2B 46 16 10 00 28 11 00
2026-01-23 15:01:25.736 - INFO - [168163994700] CAN0 CANFD加速    	RX ID: 0x54d     	标准帧 数据帧 DLC: 8	DATA(hex): 4D 00 00 00 00 00 11 A1
2026-01-23 15:01:26.238 - INFO - [168164499000] CAN0 CANFD加速    	RX ID: 0x54d     	标准帧 数据帧 DLC: 8	DATA(hex): 4D 00 00 00 00 00 11 A1
2026-01-23 15:01:26.640 - INFO - [168164902400] CAN0 CANFD加速    	RX ID: 0x38b     	标准帧 数据帧 DLC: 8	DATA(hex): 2B 46 16 10 00 28 11 00
2026-01-23 15:01:26.745 - INFO - [168165003300] CAN0 CANFD加速    	RX ID: 0x54d     	标准帧 数据帧 DLC: 8	DATA(hex): 4D 00 00 00 00 00 11 A1
2026-01-23 15:01:27.249 - INFO - [168165507600] CAN0 CANFD加速    	RX ID: 0x54d     	标准帧 数据帧 DLC: 8	DATA(hex): 4D 00 00 00 00 00 11 A1
2026-01-23 15:01:27.649 - INFO - [168165911000] CAN0 CANFD加速    	RX ID: 0x38b     	标准帧 数据帧 DLC: 8	DATA(hex): 2B 46 16 10 00 28 11 00
2026-01-23 15:01:27.754 - INFO - [168166011800] CAN0 CANFD加速    	RX ID: 0x54d     	标准帧 数据帧 DLC: 8	DATA(hex): 4D 00 00 00 00 00 11 A1
2026-01-23 15:01:28.254 - INFO - [168166516100] CAN0 CANFD加速    	RX ID: 0x54d     	标准帧 数据帧 DLC: 8	DATA(hex): 4D 00 00 00 00 00 11 A1
2026-01-23 15:01:28.658 - INFO - [168166919600] CAN0 CANFD加速    	RX ID: 0x38b     	标准帧 数据帧 DLC: 8	DATA(hex): 2B 46 16 10 00 28 11 00
2026-01-23 15:01:28.759 - INFO - [168167020500] CAN0 CANFD加速    	RX ID: 0x54d     	标准帧 数据帧 DLC: 8	DATA(hex): 4D 00 00 00 00 00 11 A1
2026-01-23 15:01:29.266 - INFO - [168167524700] CAN0 CANFD加速    	RX ID: 0x54d     	标准帧 数据帧 DLC: 8	DATA(hex): 4D 00 00 00 00 00 11 A1
2026-01-23 15:01:29.667 - INFO - [168167928100] CAN0 CANFD加速    	RX ID: 0x38b     	标准帧 数据帧 DLC: 8	DATA(hex): 2B 46 16 10 00 28 11 00
2026-01-23 15:01:29.767 - INFO - [168168029000] CAN0 CANFD加速    	RX ID: 0x54d     	标准帧 数据帧 DLC: 8	DATA(hex): 4D 00 00 00 00 00 11 A1
2026-01-23 15:01:30.271 - INFO - [168168533300] CAN0 CANFD加速    	RX ID: 0x54d     	标准帧 数据帧 DLC: 8	DATA(hex): 4D 00 00 00 00 00 11 A1
2026-01-23 15:01:30.677 - INFO - [168168936800] CAN0 CANFD加速    	RX ID: 0x38b     	标准帧 数据帧 DLC: 8	DATA(hex): 2B 46 16 10 00 28 11 00
2026-01-23 15:01:30.776 - INFO - [168169037600] CAN0 CANFD加速    	RX ID: 0x54d     	标准帧 数据帧 DLC: 8	DATA(hex): 4D 00 00 00 00 00 11 A1
2026-01-23 15:01:31.280 - INFO - [168169541900] CAN0 CANFD加速    	RX ID: 0x54d     	标准帧 数据帧 DLC: 8	DATA(hex): 4D 00 00 00 00 00 11 A1
2026-01-23 15:01:31.687 - INFO - [168169945400] CAN0 CANFD加速    	RX ID: 0x38b     	标准帧 数据帧 DLC: 8	DATA(hex): 2B 46 16 10 00 28 11 00
2026-01-23 15:01:31.785 - INFO - [168170046200] CAN0 CANFD加速    	RX ID: 0x54d     	标准帧 数据帧 DLC: 8	DATA(hex): 4D 00 00 00 00 00 11 A1
2026-01-23 15:01:32.288 - INFO - [168170550500] CAN0 CANFD加速    	RX ID: 0x54d     	标准帧 数据帧 DLC: 8	DATA(hex): 4D 00 00 00 00 00 11 A1
2026-01-23 15:01:32.696 - INFO - [168170954000] CAN0 CANFD加速    	RX ID: 0x38b     	标准帧 数据帧 DLC: 8	DATA(hex): 2B 46 16 10 00 28 11 00
2026-01-23 15:01:32.796 - INFO - [168171054800] CAN0 CANFD加速    	RX ID: 0x54d     	标准帧 数据帧 DLC: 8	DATA(hex): 4D 00 00 00 00 00 11 A1
2026-01-23 15:01:33.297 - INFO - [168171559100] CAN0 CANFD加速    	RX ID: 0x54d     	标准帧 数据帧 DLC: 8	DATA(hex): 4D 00 00 00 00 00 11 A1
2026-01-23 15:01:33.700 - INFO - [168171962500] CAN0 CANFD加速    	RX ID: 0x38b     	标准帧 数据帧 DLC: 8	DATA(hex): 2B 46 16 10 00 28 11 00
2026-01-23 15:01:33.806 - INFO - [168172063400] CAN0 CANFD加速    	RX ID: 0x54d     	标准帧 数据帧 DLC: 8	DATA(hex): 4D 00 00 00 00 00 11 A1
2026-01-23 15:01:34.306 - INFO - [168172567700] CAN0 CANFD加速    	RX ID: 0x54d     	标准帧 数据帧 DLC: 8	DATA(hex): 4D 00 00 00 00 00 11 A1
2026-01-23 15:01:34.713 - INFO - [168172971100] CAN0 CANFD加速    	RX ID: 0x38b     	标准帧 数据帧 DLC: 8	DATA(hex): 2B 46 16 10 00 28 11 00
2026-01-23 15:01:34.809 - INFO - [168173072000] CAN0 CANFD加速    	RX ID: 0x54d     	标准帧 数据帧 DLC: 8	DATA(hex): 4D 00 00 00 00 00 11 A1
2026-01-23 15:01:35.318 - INFO - [168173576300] CAN0 CANFD加速    	RX ID: 0x54d     	标准帧 数据帧 DLC: 8	DATA(hex): 4D 00 00 00 00 00 11 A1
2026-01-23 15:01:35.718 - INFO - [168173979700] CAN0 CANFD加速    	RX ID: 0x38b     	标准帧 数据帧 DLC: 8	DATA(hex): 2B 46 16 10 00 28 11 00
2026-01-23 15:01:35.819 - INFO - [168174080600] CAN0 CANFD加速    	RX ID: 0x54d     	标准帧 数据帧 DLC: 8	DATA(hex): 4D 00 00 00 00 00 11 A1
2026-01-23 15:01:36.323 - INFO - [168174584800] CAN0 CANFD加速    	RX ID: 0x54d     	标准帧 数据帧 DLC: 8	DATA(hex): 4D 00 00 00 00 00 11 A1
2026-01-23 15:01:36.731 - INFO - [168174988300] CAN0 CANFD加速    	RX ID: 0x38b     	标准帧 数据帧 DLC: 8	DATA(hex): 2B 46 16 10 00 28 11 00
2026-01-23 15:01:36.827 - INFO - [168175089100] CAN0 CANFD加速    	RX ID: 0x54d     	标准帧 数据帧 DLC: 8	DATA(hex): 4D 00 00 00 00 00 11 A1
2026-01-23 15:01:37.331 - INFO - [168175593400] CAN0 CANFD加速    	RX ID: 0x54d     	标准帧 数据帧 DLC: 8	DATA(hex): 4D 00 00 00 00 00 11 A1
2026-01-23 15:01:37.736 - INFO - [168175996900] CAN0 CANFD加速    	RX ID: 0x38b     	标准帧 数据帧 DLC: 8	DATA(hex): 2B 46 16 10 00 28 11 00
2026-01-23 15:01:37.839 - INFO - [168176097700] CAN0 CANFD加速    	RX ID: 0x54d     	标准帧 数据帧 DLC: 8	DATA(hex): 4D 00 00 00 00 00 11 A1
2026-01-23 15:01:38.341 - INFO - [168176602100] CAN0 CANFD加速    	RX ID: 0x54d     	标准帧 数据帧 DLC: 8	DATA(hex): 4D 00 00 00 00 00 11 A1
2026-01-23 15:01:38.743 - INFO - [168177005500] CAN0 CANFD加速    	RX ID: 0x38b     	标准帧 数据帧 DLC: 8	DATA(hex): 2B 46 16 10 00 28 11 00
2026-01-23 15:01:38.845 - INFO - [168177106300] CAN0 CANFD加速    	RX ID: 0x54d     	标准帧 数据帧 DLC: 8	DATA(hex): 4D 00 00 00 00 00 11 A1
2026-01-23 15:01:39.353 - INFO - [168177610600] CAN0 CANFD加速    	RX ID: 0x54d     	标准帧 数据帧 DLC: 8	DATA(hex): 4D 00 00 00 00 00 11 A1
2026-01-23 15:01:39.754 - INFO - [168178014100] CAN0 CANFD加速    	RX ID: 0x38b     	标准帧 数据帧 DLC: 8	DATA(hex): 2B 46 16 10 00 28 11 00
2026-01-23 15:01:39.853 - INFO - [168178114900] CAN0 CANFD加速    	RX ID: 0x54d     	标准帧 数据帧 DLC: 8	DATA(hex): 4D 00 00 00 00 00 11 A1
2026-01-23 15:01:40.357 - INFO - [168178619200] CAN0 CANFD加速    	RX ID: 0x54d     	标准帧 数据帧 DLC: 8	DATA(hex): 4D 00 00 00 00 00 11 A1
2026-01-23 15:01:40.763 - INFO - [168179022600] CAN0 CANFD加速    	RX ID: 0x38b     	标准帧 数据帧 DLC: 8	DATA(hex): 2B 46 16 10 00 28 11 00
2026-01-23 15:01:40.864 - INFO - [168179123500] CAN0 CANFD加速    	RX ID: 0x54d     	标准帧 数据帧 DLC: 8	DATA(hex): 4D 00 00 00 00 00 11 A1
2026-01-23 15:01:41.370 - INFO - [168179627800] CAN0 CANFD加速    	RX ID: 0x54d     	标准帧 数据帧 DLC: 8	DATA(hex): 4D 00 00 00 00 00 11 A1
2026-01-23 15:01:41.771 - INFO - [168180031200] CAN0 CANFD加速    	RX ID: 0x38b     	标准帧 数据帧 DLC: 8	DATA(hex): 2B 46 16 10 00 28 11 00
2026-01-23 15:01:41.872 - INFO - [168180132100] CAN0 CANFD加速    	RX ID: 0x54d     	标准帧 数据帧 DLC: 8	DATA(hex): 4D 00 00 00 00 00 11 A1
2026-01-23 15:01:42.380 - INFO - [168180636400] CAN0 CANFD加速    	RX ID: 0x54d     	标准帧 数据帧 DLC: 8	DATA(hex): 4D 00 00 00 00 00 11 A1
2026-01-23 15:01:42.780 - INFO - [168181039900] CAN0 CANFD加速    	RX ID: 0x38b     	标准帧 数据帧 DLC: 8	DATA(hex): 2B 46 16 10 00 28 11 00
2026-01-23 15:01:42.880 - INFO - [168181140700] CAN0 CANFD加速    	RX ID: 0x54d     	标准帧 数据帧 DLC: 8	DATA(hex): 4D 00 00 00 00 00 11 A1
2026-01-23 15:01:43.384 - INFO - [168181644900] CAN0 CANFD加速    	RX ID: 0x54d     	标准帧 数据帧 DLC: 8	DATA(hex): 4D 00 00 00 00 00 11 A1
2026-01-23 15:01:43.788 - INFO - [168182048300] CAN0 CANFD加速    	RX ID: 0x38b     	标准帧 数据帧 DLC: 8	DATA(hex): 2B 46 16 10 00 28 11 00
2026-01-23 15:01:43.888 - INFO - [168182149300] CAN0 CANFD加速    	RX ID: 0x54d     	标准帧 数据帧 DLC: 8	DATA(hex): 4D 00 00 00 00 00 11 A1
2026-01-23 15:01:44.393 - INFO - [168182653500] CAN0 CANFD加速    	RX ID: 0x54d     	标准帧 数据帧 DLC: 8	DATA(hex): 4D 00 00 00 00 00 11 A1
2026-01-23 15:01:44.800 - INFO - [168183056900] CAN0 CANFD加速    	RX ID: 0x38b     	标准帧 数据帧 DLC: 8	DATA(hex): 2B 46 16 10 00 28 11 00
2026-01-23 15:01:44.899 - INFO - [168183157800] CAN0 CANFD加速    	RX ID: 0x54d     	标准帧 数据帧 DLC: 8	DATA(hex): 4D 00 00 00 00 00 11 A1
2026-01-23 15:01:45.405 - INFO - [168183662100] CAN0 CANFD加速    	RX ID: 0x54d     	标准帧 数据帧 DLC: 8	DATA(hex): 4D 00 00 00 00 00 11 A1
2026-01-23 15:01:45.807 - INFO - [168184065500] CAN0 CANFD加速    	RX ID: 0x38b     	标准帧 数据帧 DLC: 8	DATA(hex): 2B 46 16 10 00 28 11 00
2026-01-23 15:01:45.910 - INFO - [168184166400] CAN0 CANFD加速    	RX ID: 0x54d     	标准帧 数据帧 DLC: 8	DATA(hex): 4D 00 00 00 00 00 11 A1
2026-01-23 15:01:46.413 - INFO - [168184670700] CAN0 CANFD加速    	RX ID: 0x54d     	标准帧 数据帧 DLC: 8	DATA(hex): 4D 00 00 00 00 00 11 A1
2026-01-23 15:01:46.812 - INFO - [168185074100] CAN0 CANFD加速    	RX ID: 0x38b     	标准帧 数据帧 DLC: 8	DATA(hex): 2B 46 16 10 00 28 11 00
2026-01-23 15:01:46.917 - INFO - [168185174900] CAN0 CANFD加速    	RX ID: 0x54d     	标准帧 数据帧 DLC: 8	DATA(hex): 4D 00 00 00 00 00 11 A1
2026-01-23 15:01:47.421 - INFO - [168185679200] CAN0 CANFD加速    	RX ID: 0x54d     	标准帧 数据帧 DLC: 8	DATA(hex): 4D 00 00 00 00 00 11 A1
2026-01-23 15:01:47.821 - INFO - [168186082700] CAN0 CANFD加速    	RX ID: 0x38b     	标准帧 数据帧 DLC: 8	DATA(hex): 2B 46 16 10 00 28 11 00
2026-01-23 15:01:47.925 - INFO - [168186183600] CAN0 CANFD加速    	RX ID: 0x54d     	标准帧 数据帧 DLC: 8	DATA(hex): 4D 00 00 00 00 00 11 A1
2026-01-23 15:01:48.427 - INFO - [168186687800] CAN0 CANFD加速    	RX ID: 0x54d     	标准帧 数据帧 DLC: 8	DATA(hex): 4D 00 00 00 00 00 11 A1
2026-01-23 15:01:48.830 - INFO - [168187091200] CAN0 CANFD加速    	RX ID: 0x38b     	标准帧 数据帧 DLC: 8	DATA(hex): 2B 46 16 10 00 28 11 00
2026-01-23 15:01:48.935 - INFO - [168187192100] CAN0 CANFD加速    	RX ID: 0x54d     	标准帧 数据帧 DLC: 8	DATA(hex): 4D 00 00 00 00 00 11 A1
2026-01-23 15:01:49.437 - INFO - [168187696600] CAN0 CANFD加速    	RX ID: 0x54d     	标准帧 数据帧 DLC: 8	DATA(hex): 4D 00 00 00 00 00 11 A1
2026-01-23 15:01:49.843 - INFO - [168188099900] CAN0 CANFD加速    	RX ID: 0x38b     	标准帧 数据帧 DLC: 8	DATA(hex): 2B 46 16 10 00 28 11 00
2026-01-23 15:01:49.941 - INFO - [168188200700] CAN0 CANFD加速    	RX ID: 0x54d     	标准帧 数据帧 DLC: 8	DATA(hex): 4D 00 00 00 00 00 11 A1
2026-01-23 15:01:50.443 - INFO - [168188705000] CAN0 CANFD加速    	RX ID: 0x54d     	标准帧 数据帧 DLC: 8	DATA(hex): 4D 00 00 00 00 00 11 A1
2026-01-23 15:01:50.851 - INFO - [168189108400] CAN0 CANFD加速    	RX ID: 0x38b     	标准帧 数据帧 DLC: 8	DATA(hex): 2B 46 16 10 00 28 11 00
2026-01-23 15:01:50.951 - INFO - [168189209300] CAN0 CANFD加速    	RX ID: 0x54d     	标准帧 数据帧 DLC: 8	DATA(hex): 4D 00 00 00 00 00 11 A1
2026-01-23 15:01:51.453 - INFO - [168189713500] CAN0 CANFD加速    	RX ID: 0x54d     	标准帧 数据帧 DLC: 8	DATA(hex): 4D 00 00 00 00 00 11 A1
2026-01-23 15:01:51.857 - INFO - [168190116900] CAN0 CANFD加速    	RX ID: 0x38b     	标准帧 数据帧 DLC: 8	DATA(hex): 2B 46 16 10 00 28 11 00
2026-01-23 15:01:51.960 - INFO - [168190217800] CAN0 CANFD加速    	RX ID: 0x54d     	标准帧 数据帧 DLC: 8	DATA(hex): 4D 00 00 00 00 00 11 A1
2026-01-23 15:01:52.462 - INFO - [168190722100] CAN0 CANFD加速    	RX ID: 0x54d     	标准帧 数据帧 DLC: 8	DATA(hex): 4D 00 00 00 00 00 11 A1
2026-01-23 15:01:52.867 - INFO - [168191125500] CAN0 CANFD加速    	RX ID: 0x38b     	标准帧 数据帧 DLC: 8	DATA(hex): 2B 46 16 10 00 28 11 00
2026-01-23 15:01:52.969 - INFO - [168191226500] CAN0 CANFD加速    	RX ID: 0x54d     	标准帧 数据帧 DLC: 8	DATA(hex): 4D 00 00 00 00 00 11 A1
2026-01-23 15:01:53.470 - INFO - [168191730700] CAN0 CANFD加速    	RX ID: 0x54d     	标准帧 数据帧 DLC: 8	DATA(hex): 4D 00 00 00 00 00 11 A1
2026-01-23 15:01:53.873 - INFO - [168192134100] CAN0 CANFD加速    	RX ID: 0x38b     	标准帧 数据帧 DLC: 8	DATA(hex): 2B 46 16 10 00 28 11 00
2026-01-23 15:01:53.975 - INFO - [168192234900] CAN0 CANFD加速    	RX ID: 0x54d     	标准帧 数据帧 DLC: 8	DATA(hex): 4D 00 00 00 00 00 11 A1
2026-01-23 15:01:54.482 - INFO - [168192739200] CAN0 CANFD加速    	RX ID: 0x54d     	标准帧 数据帧 DLC: 8	DATA(hex): 4D 00 00 00 00 00 11 A1
2026-01-23 15:01:54.882 - INFO - [168193142600] CAN0 CANFD加速    	RX ID: 0x38b     	标准帧 数据帧 DLC: 8	DATA(hex): 2B 46 16 10 00 28 11 00
2026-01-23 15:01:54.985 - INFO - [168193243500] CAN0 CANFD加速    	RX ID: 0x54d     	标准帧 数据帧 DLC: 8	DATA(hex): 4D 00 00 00 00 00 11 A1
2026-01-23 15:01:55.488 - INFO - [168193747800] CAN0 CANFD加速    	RX ID: 0x54d     	标准帧 数据帧 DLC: 8	DATA(hex): 4D 00 00 00 00 00 11 A1
2026-01-23 15:01:55.892 - INFO - [168194151200] CAN0 CANFD加速    	RX ID: 0x38b     	标准帧 数据帧 DLC: 8	DATA(hex): 2B 46 16 10 00 28 11 00
2026-01-23 15:01:55.991 - INFO - [168194252100] CAN0 CANFD加速    	RX ID: 0x54d     	标准帧 数据帧 DLC: 8	DATA(hex): 4D 00 00 00 00 00 11 A1
2026-01-23 15:01:56.496 - INFO - [168194756400] CAN0 CANFD加速    	RX ID: 0x54d     	标准帧 数据帧 DLC: 8	DATA(hex): 4D 00 00 00 00 00 11 A1
2026-01-23 15:01:56.900 - INFO - [168195159800] CAN0 CANFD加速    	RX ID: 0x38b     	标准帧 数据帧 DLC: 8	DATA(hex): 2B 46 16 10 00 28 11 00
2026-01-23 15:01:57.004 - INFO - [168195260700] CAN0 CANFD加速    	RX ID: 0x54d     	标准帧 数据帧 DLC: 8	DATA(hex): 4D 00 00 00 00 00 11 A1
2026-01-23 15:01:57.506 - INFO - [168195765000] CAN0 CANFD加速    	RX ID: 0x54d     	标准帧 数据帧 DLC: 8	DATA(hex): 4D 00 00 00 00 00 11 A1
2026-01-23 15:01:57.908 - INFO - [168196168400] CAN0 CANFD加速    	RX ID: 0x38b     	标准帧 数据帧 DLC: 8	DATA(hex): 2B 46 16 10 00 28 11 00
2026-01-23 15:01:58.013 - INFO - [168196269300] CAN0 CANFD加速    	RX ID: 0x54d     	标准帧 数据帧 DLC: 8	DATA(hex): 4D 00 00 00 00 00 11 A1
2026-01-23 15:01:58.514 - INFO - [168196773600] CAN0 CANFD加速    	RX ID: 0x54d     	标准帧 数据帧 DLC: 8	DATA(hex): 4D 00 00 00 00 00 11 A1
2026-01-23 15:01:58.921 - INFO - [168197177000] CAN0 CANFD加速    	RX ID: 0x38b     	标准帧 数据帧 DLC: 8	DATA(hex): 2B 46 16 10 00 28 11 00
2026-01-23 15:01:59.018 - INFO - [168197277800] CAN0 CANFD加速    	RX ID: 0x54d     	标准帧 数据帧 DLC: 8	DATA(hex): 4D 00 00 00 00 00 11 A1
2026-01-23 15:01:59.525 - INFO - [168197782100] CAN0 CANFD加速    	RX ID: 0x54d     	标准帧 数据帧 DLC: 8	DATA(hex): 4D 00 00 00 00 00 11 A1
2026-01-23 15:01:59.927 - INFO - [168198185600] CAN0 CANFD加速    	RX ID: 0x38b     	标准帧 数据帧 DLC: 8	DATA(hex): 2B 46 16 10 00 28 11 00
2026-01-23 15:02:00.025 - INFO - [168198286400] CAN0 CANFD加速    	RX ID: 0x54d     	标准帧 数据帧 DLC: 8	DATA(hex): 4D 00 00 00 00 00 11 A1
2026-01-23 15:02:00.532 - INFO - [168198790700] CAN0 CANFD加速    	RX ID: 0x54d     	标准帧 数据帧 DLC: 8	DATA(hex): 4D 00 00 00 00 00 11 A1
2026-01-23 15:02:00.937 - INFO - [168199194100] CAN0 CANFD加速    	RX ID: 0x38b     	标准帧 数据帧 DLC: 8	DATA(hex): 2B 46 16 10 00 28 11 00
2026-01-23 15:02:01.036 - INFO - [168199295000] CAN0 CANFD加速    	RX ID: 0x54d     	标准帧 数据帧 DLC: 8	DATA(hex): 4D 00 00 00 00 00 11 A1
2026-01-23 15:02:01.542 - INFO - [168199799200] CAN0 CANFD加速    	RX ID: 0x54d     	标准帧 数据帧 DLC: 8	DATA(hex): 4D 00 00 00 00 00 11 A1
2026-01-23 15:02:01.943 - INFO - [168200202700] CAN0 CANFD加速    	RX ID: 0x38b     	标准帧 数据帧 DLC: 8	DATA(hex): 2B 46 16 10 00 28 11 00
2026-01-23 15:02:02.046 - INFO - [168200303500] CAN0 CANFD加速    	RX ID: 0x54d     	标准帧 数据帧 DLC: 8	DATA(hex): 4D 00 00 00 00 00 11 A1
2026-01-23 15:02:02.547 - INFO - [168200807900] CAN0 CANFD加速    	RX ID: 0x54d     	标准帧 数据帧 DLC: 8	DATA(hex): 4D 00 00 00 00 00 11 A1
2026-01-23 15:02:02.952 - INFO - [168201211300] CAN0 CANFD加速    	RX ID: 0x38b     	标准帧 数据帧 DLC: 8	DATA(hex): 2B 46 16 10 00 28 11 00
2026-01-23 15:02:03.053 - INFO - [168201312100] CAN0 CANFD加速    	RX ID: 0x54d     	标准帧 数据帧 DLC: 8	DATA(hex): 4D 00 00 00 00 00 11 A1
2026-01-23 15:02:03.558 - INFO - [168201816500] CAN0 CANFD加速    	RX ID: 0x54d     	标准帧 数据帧 DLC: 8	DATA(hex): 4D 00 00 00 00 00 11 A1
2026-01-23 15:02:03.962 - INFO - [168202219800] CAN0 CANFD加速    	RX ID: 0x38b     	标准帧 数据帧 DLC: 8	DATA(hex): 2B 46 16 10 00 28 11 00
2026-01-23 15:02:04.066 - INFO - [168202320700] CAN0 CANFD加速    	RX ID: 0x54d     	标准帧 数据帧 DLC: 8	DATA(hex): 4D 00 00 00 00 00 11 A1
2026-01-23 15:02:04.568 - INFO - [168202825000] CAN0 CANFD加速    	RX ID: 0x54d     	标准帧 数据帧 DLC: 8	DATA(hex): 4D 00 00 00 00 00 11 A1
2026-01-23 15:02:04.968 - INFO - [168203228400] CAN0 CANFD加速    	RX ID: 0x38b     	标准帧 数据帧 DLC: 8	DATA(hex): 2B 46 16 10 00 28 11 00
2026-01-23 15:02:05.073 - INFO - [168203329300] CAN0 CANFD加速    	RX ID: 0x54d     	标准帧 数据帧 DLC: 8	DATA(hex): 4D 00 00 00 00 00 11 A1
2026-01-23 15:02:05.574 - INFO - [168203833600] CAN0 CANFD加速    	RX ID: 0x54d     	标准帧 数据帧 DLC: 8	DATA(hex): 4D 00 00 00 00 00 11 A1
2026-01-23 15:02:05.978 - INFO - [168204237000] CAN0 CANFD加速    	RX ID: 0x38b     	标准帧 数据帧 DLC: 8	DATA(hex): 2B 46 16 10 00 28 11 00
2026-01-23 15:02:06.079 - INFO - [168204337900] CAN0 CANFD加速    	RX ID: 0x54d     	标准帧 数据帧 DLC: 8	DATA(hex): 4D 00 00 00 00 00 11 A1
2026-01-23 15:02:06.585 - INFO - [168204842200] CAN0 CANFD加速    	RX ID: 0x54d     	标准帧 数据帧 DLC: 8	DATA(hex): 4D 00 00 00 00 00 11 A1
2026-01-23 15:02:06.988 - INFO - [168205245700] CAN0 CANFD加速    	RX ID: 0x38b     	标准帧 数据帧 DLC: 8	DATA(hex): 2B 46 16 10 00 28 11 00
2026-01-23 15:02:07.089 - INFO - [168205346500] CAN0 CANFD加速    	RX ID: 0x54d     	标准帧 数据帧 DLC: 8	DATA(hex): 4D 00 00 00 00 00 11 A1
2026-01-23 15:02:07.592 - INFO - [168205850800] CAN0 CANFD加速    	RX ID: 0x54d     	标准帧 数据帧 DLC: 8	DATA(hex): 4D 00 00 00 00 00 11 A1
2026-01-23 15:02:07.994 - INFO - [168206254200] CAN0 CANFD加速    	RX ID: 0x38b     	标准帧 数据帧 DLC: 8	DATA(hex): 2B 46 16 10 00 28 11 00
2026-01-23 15:02:08.098 - INFO - [168206355100] CAN0 CANFD加速    	RX ID: 0x54d     	标准帧 数据帧 DLC: 8	DATA(hex): 4D 00 00 00 00 00 11 A1
2026-01-23 15:02:08.604 - INFO - [168206859400] CAN0 CANFD加速    	RX ID: 0x54d     	标准帧 数据帧 DLC: 8	DATA(hex): 4D 00 00 00 00 00 11 A1
2026-01-23 15:02:09.003 - INFO - [168207262800] CAN0 CANFD加速    	RX ID: 0x38b     	标准帧 数据帧 DLC: 8	DATA(hex): 2B 46 16 10 00 28 11 00
2026-01-23 15:02:09.106 - INFO - [168207363600] CAN0 CANFD加速    	RX ID: 0x54d     	标准帧 数据帧 DLC: 8	DATA(hex): 4D 00 00 00 00 00 11 A1
2026-01-23 15:02:09.611 - INFO - [168207867900] CAN0 CANFD加速    	RX ID: 0x54d     	标准帧 数据帧 DLC: 8	DATA(hex): 4D 00 00 00 00 00 11 A1
2026-01-23 15:02:10.016 - INFO - [168208271400] CAN0 CANFD加速    	RX ID: 0x38b     	标准帧 数据帧 DLC: 8	DATA(hex): 2B 46 16 10 00 28 11 00
2026-01-23 15:02:10.117 - INFO - [168208372200] CAN0 CANFD加速    	RX ID: 0x54d     	标准帧 数据帧 DLC: 8	DATA(hex): 4D 00 00 00 00 00 11 A1
2026-01-23 15:02:10.618 - INFO - [168208876500] CAN0 CANFD加速    	RX ID: 0x54d     	标准帧 数据帧 DLC: 8	DATA(hex): 4D 00 00 00 00 00 11 A1
2026-01-23 15:02:11.023 - INFO - [168209279900] CAN0 CANFD加速    	RX ID: 0x38b     	标准帧 数据帧 DLC: 8	DATA(hex): 2B 46 16 10 00 28 11 00
2026-01-23 15:02:11.125 - INFO - [168209380800] CAN0 CANFD加速    	RX ID: 0x54d     	标准帧 数据帧 DLC: 8	DATA(hex): 4D 00 00 00 00 00 11 A1
2026-01-23 15:02:11.626 - INFO - [168209885100] CAN0 CANFD加速    	RX ID: 0x54d     	标准帧 数据帧 DLC: 8	DATA(hex): 4D 00 00 00 00 00 11 A1
2026-01-23 15:02:12.032 - INFO - [168210288500] CAN0 CANFD加速    	RX ID: 0x38b     	标准帧 数据帧 DLC: 8	DATA(hex): 2B 46 16 10 00 28 11 00
2026-01-23 15:02:12.134 - INFO - [168210389800] CAN0 CANFD加速    	RX ID: 0x54d     	标准帧 数据帧 DLC: 8	DATA(hex): 4D 00 00 00 00 00 11 A1
2026-01-23 15:02:12.635 - INFO - [168210893600] CAN0 CANFD加速    	RX ID: 0x54d     	标准帧 数据帧 DLC: 8	DATA(hex): 4D 00 00 00 00 00 11 A1
2026-01-23 15:02:13.042 - INFO - [168211297100] CAN0 CANFD加速    	RX ID: 0x38b     	标准帧 数据帧 DLC: 8	DATA(hex): 2B 46 16 10 00 28 11 00
2026-01-23 15:02:13.140 - INFO - [168211398000] CAN0 CANFD加速    	RX ID: 0x54d     	标准帧 数据帧 DLC: 8	DATA(hex): 4D 00 00 00 00 00 11 A1
2026-01-23 15:02:13.645 - INFO - [168211902300] CAN0 CANFD加速    	RX ID: 0x54d     	标准帧 数据帧 DLC: 8	DATA(hex): 4D 00 00 00 00 00 11 A1
2026-01-23 15:02:14.047 - INFO - [168212305700] CAN0 CANFD加速    	RX ID: 0x38b     	标准帧 数据帧 DLC: 8	DATA(hex): 2B 46 16 10 00 28 11 00
2026-01-23 15:02:14.150 - INFO - [168212406600] CAN0 CANFD加速    	RX ID: 0x54d     	标准帧 数据帧 DLC: 8	DATA(hex): 4D 00 00 00 00 00 11 A1
2026-01-23 15:02:14.656 - INFO - [168212910800] CAN0 CANFD加速    	RX ID: 0x54d     	标准帧 数据帧 DLC: 8	DATA(hex): 4D 00 00 00 00 00 11 A1
2026-01-23 15:02:15.056 - INFO - [168213314300] CAN0 CANFD加速    	RX ID: 0x38b     	标准帧 数据帧 DLC: 8	DATA(hex): 2B 46 16 10 00 28 11 00
2026-01-23 15:02:15.157 - INFO - [168213415100] CAN0 CANFD加速    	RX ID: 0x54d     	标准帧 数据帧 DLC: 8	DATA(hex): 4D 00 00 00 00 00 11 A1
2026-01-23 15:02:15.660 - INFO - [168213919400] CAN0 CANFD加速    	RX ID: 0x54d     	标准帧 数据帧 DLC: 8	DATA(hex): 4D 00 00 00 00 00 11 A1
2026-01-23 15:02:16.069 - INFO - [168214323000] CAN0 CANFD加速    	RX ID: 0x38b     	标准帧 数据帧 DLC: 8	DATA(hex): 2B 46 16 10 00 28 11 00
2026-01-23 15:02:16.164 - INFO - [168214423700] CAN0 CANFD加速    	RX ID: 0x54d     	标准帧 数据帧 DLC: 8	DATA(hex): 4D 00 00 00 00 00 11 A1
2026-01-23 15:02:16.670 - INFO - [168214928000] CAN0 CANFD加速    	RX ID: 0x54d     	标准帧 数据帧 DLC: 8	DATA(hex): 4D 00 00 00 00 00 11 A1
2026-01-23 15:02:17.073 - INFO - [168215331500] CAN0 CANFD加速    	RX ID: 0x38b     	标准帧 数据帧 DLC: 8	DATA(hex): 2B 46 16 10 00 28 11 00
2026-01-23 15:02:17.176 - INFO - [168215432300] CAN0 CANFD加速    	RX ID: 0x54d     	标准帧 数据帧 DLC: 8	DATA(hex): 4D 00 00 00 00 00 11 A1
2026-01-23 15:02:17.679 - INFO - [168215936600] CAN0 CANFD加速    	RX ID: 0x54d     	标准帧 数据帧 DLC: 8	DATA(hex): 4D 00 00 00 00 00 11 A1
2026-01-23 15:02:18.081 - INFO - [168216340000] CAN0 CANFD加速    	RX ID: 0x38b     	标准帧 数据帧 DLC: 8	DATA(hex): 2B 46 16 10 00 28 11 00
2026-01-23 15:02:18.186 - INFO - [168216440900] CAN0 CANFD加速    	RX ID: 0x54d     	标准帧 数据帧 DLC: 8	DATA(hex): 4D 00 00 00 00 00 11 A1
2026-01-23 15:02:18.690 - INFO - [168216945200] CAN0 CANFD加速    	RX ID: 0x54d     	标准帧 数据帧 DLC: 8	DATA(hex): 4D 00 00 00 00 00 11 A1
2026-01-23 15:02:19.092 - INFO - [168217348600] CAN0 CANFD加速    	RX ID: 0x38b     	标准帧 数据帧 DLC: 8	DATA(hex): 2B 46 16 10 00 28 11 00
2026-01-23 15:02:19.190 - INFO - [168217449500] CAN0 CANFD加速    	RX ID: 0x54d     	标准帧 数据帧 DLC: 8	DATA(hex): 4D 00 00 00 00 00 11 A1
2026-01-23 15:02:19.696 - INFO - [168217953800] CAN0 CANFD加速    	RX ID: 0x54d     	标准帧 数据帧 DLC: 8	DATA(hex): 4D 00 00 00 00 00 11 A1
